{"records_completed": 1, "case": "base/char_2025_shu/E0/S1/L1/P1", "paired_records": 1}
{"records_completed": 2, "case": "base/char_2025_shu/E0/S1/L1/P4", "paired_records": 2}
{"records_completed": 3, "case": "base/char_2025_shu/E0/S1/L1/P5", "paired_records": 3}
{"records_completed": 4, "case": "base/char_2025_shu/E0/S1/L1/P6", "paired_records": 4}
{"records_completed": 5, "case": "base/char_2025_shu/E0/S1/L50/P1", "paired_records": 5}
{"records_completed": 6, "case": "base/char_2025_shu/E0/S1/L50/P4", "paired_records": 6}
{"records_completed": 7, "case": "base/char_2025_shu/E0/S1/L50/P5", "paired_records": 7}
{"records_completed": 8, "case": "base/char_2025_shu/E0/S1/L50/P6", "paired_records": 8}
{"records_completed": 9, "case": "base/char_2025_shu/E0/S1/LNone/P1", "paired_records": 9}
{"records_completed": 10, "case": "base/char_2025_shu/E0/S1/LNone/P4", "paired_records": 10}
{"records_completed": 11, "case": "base/char_2025_shu/E0/S1/LNone/P5", "paired_records": 11}
{"records_completed": 12, "case": "base/char_2025_shu/E0/S1/LNone/P6", "paired_records": 12}
{"records_completed": 13, "case": "base/char_2025_shu/E1/S1/L1/P1", "paired_records": 13}
{"records_completed": 14, "case": "base/char_2025_shu/E1/S1/L1/P4", "paired_records": 14}
{"records_completed": 15, "case": "base/char_2025_shu/E1/S1/L1/P5", "paired_records": 15}
{"records_completed": 16, "case": "base/char_2025_shu/E1/S1/L1/P6", "paired_records": 16}
{"records_completed": 17, "case": "base/char_2025_shu/E1/S1/L80/P1", "paired_records": 17}
{"records_completed": 18, "case": "base/char_2025_shu/E1/S1/L80/P4", "paired_records": 18}
{"records_completed": 19, "case": "base/char_2025_shu/E1/S1/L80/P5", "paired_records": 19}
{"records_completed": 20, "case": "base/char_2025_shu/E1/S1/L80/P6", "paired_records": 20}
{"records_completed": 21, "case": "base/char_2025_shu/E1/S1/LNone/P1", "paired_records": 21}
{"records_completed": 22, "case": "base/char_2025_shu/E1/S1/LNone/P4", "paired_records": 22}
{"records_completed": 23, "case": "base/char_2025_shu/E1/S1/LNone/P5", "paired_records": 23}
{"records_completed": 24, "case": "base/char_2025_shu/E1/S1/LNone/P6", "paired_records": 24}
{"records_completed": 25, "case": "base/char_2025_shu/E1/S2/L1/P1", "paired_records": 25}
{"records_completed": 26, "case": "base/char_2025_shu/E1/S2/L1/P4", "paired_records": 26}
{"records_completed": 27, "case": "base/char_2025_shu/E1/S2/L1/P5", "paired_records": 27}
{"records_completed": 28, "case": "base/char_2025_shu/E1/S2/L1/P6", "paired_records": 28}
{"records_completed": 29, "case": "base/char_2025_shu/E1/S2/L80/P1", "paired_records": 29}
{"records_completed": 30, "case": "base/char_2025_shu/E1/S2/L80/P4", "paired_records": 30}
{"records_completed": 31, "case": "base/char_2025_shu/E1/S2/L80/P5", "paired_records": 31}
{"records_completed": 32, "case": "base/char_2025_shu/E1/S2/L80/P6", "paired_records": 32}
{"records_completed": 33, "case": "base/char_2025_shu/E1/S2/LNone/P1", "paired_records": 33}
{"records_completed": 34, "case": "base/char_2025_shu/E1/S2/LNone/P4", "paired_records": 34}
{"records_completed": 35, "case": "base/char_2025_shu/E1/S2/LNone/P5", "paired_records": 35}
{"records_completed": 36, "case": "base/char_2025_shu/E1/S2/LNone/P6", "paired_records": 36}
{"records_completed": 37, "case": "base/char_2025_shu/E2/S1/L1/P1", "paired_records": 37}
{"records_completed": 38, "case": "base/char_2025_shu/E2/S1/L1/P4", "paired_records": 38}
{"records_completed": 39, "case": "base/char_2025_shu/E2/S1/L1/P5", "paired_records": 39}
{"records_completed": 40, "case": "base/char_2025_shu/E2/S1/L1/P6", "paired_records": 40}
{"records_completed": 41, "case": "base/char_2025_shu/E2/S1/L90/P1", "paired_records": 41}
{"records_completed": 42, "case": "base/char_2025_shu/E2/S1/L90/P4", "paired_records": 42}
{"records_completed": 43, "case": "base/char_2025_shu/E2/S1/L90/P5", "paired_records": 43}
{"records_completed": 44, "case": "base/char_2025_shu/E2/S1/L90/P6", "paired_records": 44}
{"records_completed": 45, "case": "base/char_2025_shu/E2/S1/LNone/P1", "paired_records": 45}
{"records_completed": 46, "case": "base/char_2025_shu/E2/S1/LNone/P4", "paired_records": 46}
{"records_completed": 47, "case": "base/char_2025_shu/E2/S1/LNone/P5", "paired_records": 47}
{"records_completed": 48, "case": "base/char_2025_shu/E2/S1/LNone/P6", "paired_records": 48}
{"records_completed": 49, "case": "base/char_2025_shu/E2/S2/L1/P1", "paired_records": 49}
{"records_completed": 50, "case": "base/char_2025_shu/E2/S2/L1/P4", "paired_records": 50}
{"records_completed": 51, "case": "base/char_2025_shu/E2/S2/L1/P5", "paired_records": 51}
{"records_completed": 52, "case": "base/char_2025_shu/E2/S2/L1/P6", "paired_records": 52}
{"records_completed": 53, "case": "base/char_2025_shu/E2/S2/L90/P1", "paired_records": 53}
{"records_completed": 54, "case": "base/char_2025_shu/E2/S2/L90/P4", "paired_records": 54}
{"records_completed": 55, "case": "base/char_2025_shu/E2/S2/L90/P5", "paired_records": 55}
{"records_completed": 56, "case": "base/char_2025_shu/E2/S2/L90/P6", "paired_records": 56}
{"records_completed": 57, "case": "base/char_2025_shu/E2/S2/LNone/P1", "paired_records": 57}
{"records_completed": 58, "case": "base/char_2025_shu/E2/S2/LNone/P4", "paired_records": 58}
{"records_completed": 59, "case": "base/char_2025_shu/E2/S2/LNone/P5", "paired_records": 59}
{"records_completed": 60, "case": "base/char_2025_shu/E2/S2/LNone/P6", "paired_records": 60}
{"records_completed": 61, "case": "base/char_2025_shu/E2/S3/L1/P1", "paired_records": 61}
{"records_completed": 62, "case": "base/char_2025_shu/E2/S3/L1/P4", "paired_records": 62}
{"records_completed": 63, "case": "base/char_2025_shu/E2/S3/L1/P5", "paired_records": 63}
{"records_completed": 64, "case": "base/char_2025_shu/E2/S3/L1/P6", "paired_records": 64}
{"records_completed": 65, "case": "base/char_2025_shu/E2/S3/L90/P1", "paired_records": 65}
{"records_completed": 66, "case": "base/char_2025_shu/E2/S3/L90/P4", "paired_records": 66}
{"records_completed": 67, "case": "base/char_2025_shu/E2/S3/L90/P5", "paired_records": 67}
{"records_completed": 68, "case": "base/char_2025_shu/E2/S3/L90/P6", "paired_records": 68}
{"records_completed": 69, "case": "base/char_2025_shu/E2/S3/LNone/P1", "paired_records": 69}
{"records_completed": 70, "case": "base/char_2025_shu/E2/S3/LNone/P4", "paired_records": 70}
{"records_completed": 71, "case": "base/char_2025_shu/E2/S3/LNone/P5", "paired_records": 71}
{"records_completed": 72, "case": "base/char_2025_shu/E2/S3/LNone/P6", "paired_records": 72}
{"records_completed": 73, "case": "default/char_2025_shu/S1/missing-level", "paired_records": 73}
{"records_completed": 74, "case": "default/char_2025_shu/S1/all-default", "paired_records": 74}
{"records_completed": 75, "case": "default/char_2025_shu/S2/missing-level", "paired_records": 75}
{"records_completed": 76, "case": "default/char_2025_shu/S2/all-default", "paired_records": 76}
{"records_completed": 77, "case": "default/char_2025_shu/S3/missing-level", "paired_records": 77}
{"records_completed": 78, "case": "default/char_2025_shu/S3/all-default", "paired_records": 78}
{"records_completed": 79, "case": "base/char_298_susuro/E0/S1/L1/P1", "paired_records": 79}
{"records_completed": 80, "case": "base/char_298_susuro/E0/S1/L1/P4", "paired_records": 80}
{"records_completed": 81, "case": "base/char_298_susuro/E0/S1/L1/P5", "paired_records": 81}
{"records_completed": 82, "case": "base/char_298_susuro/E0/S1/L1/P6", "paired_records": 82}
{"records_completed": 83, "case": "base/char_298_susuro/E0/S1/L45/P1", "paired_records": 83}
{"records_completed": 84, "case": "base/char_298_susuro/E0/S1/L45/P4", "paired_records": 84}
{"records_completed": 85, "case": "base/char_298_susuro/E0/S1/L45/P5", "paired_records": 85}
{"records_completed": 86, "case": "base/char_298_susuro/E0/S1/L45/P6", "paired_records": 86}
{"records_completed": 87, "case": "base/char_298_susuro/E0/S1/LNone/P1", "paired_records": 87}
{"records_completed": 88, "case": "base/char_298_susuro/E0/S1/LNone/P4", "paired_records": 88}
{"records_completed": 89, "case": "base/char_298_susuro/E0/S1/LNone/P5", "paired_records": 89}
{"records_completed": 90, "case": "base/char_298_susuro/E0/S1/LNone/P6", "paired_records": 90}
{"records_completed": 91, "case": "base/char_298_susuro/E1/S1/L1/P1", "paired_records": 91}
{"records_completed": 92, "case": "base/char_298_susuro/E1/S1/L1/P4", "paired_records": 92}
{"records_completed": 93, "case": "base/char_298_susuro/E1/S1/L1/P5", "paired_records": 93}
{"records_completed": 94, "case": "base/char_298_susuro/E1/S1/L1/P6", "paired_records": 94}
{"records_completed": 95, "case": "base/char_298_susuro/E1/S1/L60/P1", "paired_records": 95}
{"records_completed": 96, "case": "base/char_298_susuro/E1/S1/L60/P4", "paired_records": 96}
{"records_completed": 97, "case": "base/char_298_susuro/E1/S1/L60/P5", "paired_records": 97}
{"records_completed": 98, "case": "base/char_298_susuro/E1/S1/L60/P6", "paired_records": 98}
{"records_completed": 99, "case": "base/char_298_susuro/E1/S1/LNone/P1", "paired_records": 99}
{"records_completed": 100, "case": "base/char_298_susuro/E1/S1/LNone/P4", "paired_records": 100}
{"records_completed": 101, "case": "base/char_298_susuro/E1/S1/LNone/P5", "paired_records": 101}
{"records_completed": 102, "case": "base/char_298_susuro/E1/S1/LNone/P6", "paired_records": 102}
{"records_completed": 103, "case": "base/char_298_susuro/E1/S2/L1/P1", "paired_records": 103}
{"records_completed": 104, "case": "base/char_298_susuro/E1/S2/L1/P4", "paired_records": 104}
{"records_completed": 105, "case": "base/char_298_susuro/E1/S2/L1/P5", "paired_records": 105}
{"records_completed": 106, "case": "base/char_298_susuro/E1/S2/L1/P6", "paired_records": 106}
{"records_completed": 107, "case": "base/char_298_susuro/E1/S2/L60/P1", "paired_records": 107}
{"records_completed": 108, "case": "base/char_298_susuro/E1/S2/L60/P4", "paired_records": 108}
{"records_completed": 109, "case": "base/char_298_susuro/E1/S2/L60/P5", "paired_records": 109}
{"records_completed": 110, "case": "base/char_298_susuro/E1/S2/L60/P6", "paired_records": 110}
{"records_completed": 111, "case": "base/char_298_susuro/E1/S2/LNone/P1", "paired_records": 111}
{"records_completed": 112, "case": "base/char_298_susuro/E1/S2/LNone/P4", "paired_records": 112}
{"records_completed": 113, "case": "base/char_298_susuro/E1/S2/LNone/P5", "paired_records": 113}
{"records_completed": 114, "case": "base/char_298_susuro/E1/S2/LNone/P6", "paired_records": 114}
{"records_completed": 115, "case": "base/char_298_susuro/E2/S1/L1/P1", "paired_records": 115}
{"records_completed": 116, "case": "base/char_298_susuro/E2/S1/L1/P4", "paired_records": 116}
{"records_completed": 117, "case": "base/char_298_susuro/E2/S1/L1/P5", "paired_records": 117}
{"records_completed": 118, "case": "base/char_298_susuro/E2/S1/L1/P6", "paired_records": 118}
{"records_completed": 119, "case": "base/char_298_susuro/E2/S1/L70/P1", "paired_records": 119}
{"records_completed": 120, "case": "base/char_298_susuro/E2/S1/L70/P4", "paired_records": 120}
{"records_completed": 121, "case": "base/char_298_susuro/E2/S1/L70/P5", "paired_records": 121}
{"records_completed": 122, "case": "base/char_298_susuro/E2/S1/L70/P6", "paired_records": 122}
{"records_completed": 123, "case": "base/char_298_susuro/E2/S1/LNone/P1", "paired_records": 123}
{"records_completed": 124, "case": "base/char_298_susuro/E2/S1/LNone/P4", "paired_records": 124}
{"records_completed": 125, "case": "base/char_298_susuro/E2/S1/LNone/P5", "paired_records": 125}
{"records_completed": 126, "case": "base/char_298_susuro/E2/S1/LNone/P6", "paired_records": 126}
{"records_completed": 127, "case": "base/char_298_susuro/E2/S2/L1/P1", "paired_records": 127}
{"records_completed": 128, "case": "base/char_298_susuro/E2/S2/L1/P4", "paired_records": 128}
{"records_completed": 129, "case": "base/char_298_susuro/E2/S2/L1/P5", "paired_records": 129}
{"records_completed": 130, "case": "base/char_298_susuro/E2/S2/L1/P6", "paired_records": 130}
{"records_completed": 131, "case": "base/char_298_susuro/E2/S2/L70/P1", "paired_records": 131}
{"records_completed": 132, "case": "base/char_298_susuro/E2/S2/L70/P4", "paired_records": 132}
{"records_completed": 133, "case": "base/char_298_susuro/E2/S2/L70/P5", "paired_records": 133}
{"records_completed": 134, "case": "base/char_298_susuro/E2/S2/L70/P6", "paired_records": 134}
{"records_completed": 135, "case": "base/char_298_susuro/E2/S2/LNone/P1", "paired_records": 135}
{"records_completed": 136, "case": "base/char_298_susuro/E2/S2/LNone/P4", "paired_records": 136}
{"records_completed": 137, "case": "base/char_298_susuro/E2/S2/LNone/P5", "paired_records": 137}
{"records_completed": 138, "case": "base/char_298_susuro/E2/S2/LNone/P6", "paired_records": 138}
{"records_completed": 139, "case": "default/char_298_susuro/S1/missing-level", "paired_records": 139}
{"records_completed": 140, "case": "default/char_298_susuro/S1/all-default", "paired_records": 140}
{"records_completed": 141, "case": "default/char_298_susuro/S2/missing-level", "paired_records": 141}
{"records_completed": 142, "case": "default/char_298_susuro/S2/all-default", "paired_records": 142}
{"records_completed": 143, "case": "base/char_1048_orchd2/E0/S1/L1/P1", "paired_records": 143}
{"records_completed": 144, "case": "base/char_1048_orchd2/E0/S1/L1/P4", "paired_records": 144}
{"records_completed": 145, "case": "base/char_1048_orchd2/E0/S1/L1/P5", "paired_records": 145}
{"records_completed": 146, "case": "base/char_1048_orchd2/E0/S1/L1/P6", "paired_records": 146}
{"records_completed": 147, "case": "base/char_1048_orchd2/E0/S1/L50/P1", "paired_records": 147}
{"records_completed": 148, "case": "base/char_1048_orchd2/E0/S1/L50/P4", "paired_records": 148}
{"records_completed": 149, "case": "base/char_1048_orchd2/E0/S1/L50/P5", "paired_records": 149}
{"records_completed": 150, "case": "base/char_1048_orchd2/E0/S1/L50/P6", "paired_records": 150}
{"records_completed": 151, "case": "base/char_1048_orchd2/E0/S1/LNone/P1", "paired_records": 151}
{"records_completed": 152, "case": "base/char_1048_orchd2/E0/S1/LNone/P4", "paired_records": 152}
{"records_completed": 153, "case": "base/char_1048_orchd2/E0/S1/LNone/P5", "paired_records": 153}
{"records_completed": 154, "case": "base/char_1048_orchd2/E0/S1/LNone/P6", "paired_records": 154}
{"records_completed": 155, "case": "base/char_1048_orchd2/E1/S1/L1/P1", "paired_records": 155}
{"records_completed": 156, "case": "base/char_1048_orchd2/E1/S1/L1/P4", "paired_records": 156}
{"records_completed": 157, "case": "base/char_1048_orchd2/E1/S1/L1/P5", "paired_records": 157}
{"records_completed": 158, "case": "base/char_1048_orchd2/E1/S1/L1/P6", "paired_records": 158}
{"records_completed": 159, "case": "base/char_1048_orchd2/E1/S1/L80/P1", "paired_records": 159}
{"records_completed": 160, "case": "base/char_1048_orchd2/E1/S1/L80/P4", "paired_records": 160}
{"records_completed": 161, "case": "base/char_1048_orchd2/E1/S1/L80/P5", "paired_records": 161}
{"records_completed": 162, "case": "base/char_1048_orchd2/E1/S1/L80/P6", "paired_records": 162}
{"records_completed": 163, "case": "base/char_1048_orchd2/E1/S1/LNone/P1", "paired_records": 163}
{"records_completed": 164, "case": "base/char_1048_orchd2/E1/S1/LNone/P4", "paired_records": 164}
{"records_completed": 165, "case": "base/char_1048_orchd2/E1/S1/LNone/P5", "paired_records": 165}
{"records_completed": 166, "case": "base/char_1048_orchd2/E1/S1/LNone/P6", "paired_records": 166}
{"records_completed": 167, "case": "base/char_1048_orchd2/E1/S2/L1/P1", "paired_records": 167}
{"records_completed": 168, "case": "base/char_1048_orchd2/E1/S2/L1/P4", "paired_records": 168}
{"records_completed": 169, "case": "base/char_1048_orchd2/E1/S2/L1/P5", "paired_records": 169}
{"records_completed": 170, "case": "base/char_1048_orchd2/E1/S2/L1/P6", "paired_records": 170}
{"records_completed": 171, "case": "base/char_1048_orchd2/E1/S2/L80/P1", "paired_records": 171}
{"records_completed": 172, "case": "base/char_1048_orchd2/E1/S2/L80/P4", "paired_records": 172}
{"records_completed": 173, "case": "base/char_1048_orchd2/E1/S2/L80/P5", "paired_records": 173}
{"records_completed": 174, "case": "base/char_1048_orchd2/E1/S2/L80/P6", "paired_records": 174}
{"records_completed": 175, "case": "base/char_1048_orchd2/E1/S2/LNone/P1", "paired_records": 175}
{"records_completed": 176, "case": "base/char_1048_orchd2/E1/S2/LNone/P4", "paired_records": 176}
{"records_completed": 177, "case": "base/char_1048_orchd2/E1/S2/LNone/P5", "paired_records": 177}
{"records_completed": 178, "case": "base/char_1048_orchd2/E1/S2/LNone/P6", "paired_records": 178}
{"records_completed": 179, "case": "base/char_1048_orchd2/E2/S1/L1/P1", "paired_records": 179}
{"records_completed": 180, "case": "base/char_1048_orchd2/E2/S1/L1/P4", "paired_records": 180}
{"records_completed": 181, "case": "base/char_1048_orchd2/E2/S1/L1/P5", "paired_records": 181}
{"records_completed": 182, "case": "base/char_1048_orchd2/E2/S1/L1/P6", "paired_records": 182}
{"records_completed": 183, "case": "base/char_1048_orchd2/E2/S1/L90/P1", "paired_records": 183}
{"records_completed": 184, "case": "base/char_1048_orchd2/E2/S1/L90/P4", "paired_records": 184}
{"records_completed": 185, "case": "base/char_1048_orchd2/E2/S1/L90/P5", "paired_records": 185}
{"records_completed": 186, "case": "base/char_1048_orchd2/E2/S1/L90/P6", "paired_records": 186}
{"records_completed": 187, "case": "base/char_1048_orchd2/E2/S1/LNone/P1", "paired_records": 187}
{"records_completed": 188, "case": "base/char_1048_orchd2/E2/S1/LNone/P4", "paired_records": 188}
{"records_completed": 189, "case": "base/char_1048_orchd2/E2/S1/LNone/P5", "paired_records": 189}
{"records_completed": 190, "case": "base/char_1048_orchd2/E2/S1/LNone/P6", "paired_records": 190}
{"records_completed": 191, "case": "base/char_1048_orchd2/E2/S2/L1/P1", "paired_records": 191}
{"records_completed": 192, "case": "base/char_1048_orchd2/E2/S2/L1/P4", "paired_records": 192}
{"records_completed": 193, "case": "base/char_1048_orchd2/E2/S2/L1/P5", "paired_records": 193}
{"records_completed": 194, "case": "base/char_1048_orchd2/E2/S2/L1/P6", "paired_records": 194}
{"records_completed": 195, "case": "base/char_1048_orchd2/E2/S2/L90/P1", "paired_records": 195}
{"records_completed": 196, "case": "base/char_1048_orchd2/E2/S2/L90/P4", "paired_records": 196}
{"records_completed": 197, "case": "base/char_1048_orchd2/E2/S2/L90/P5", "paired_records": 197}
{"records_completed": 198, "case": "base/char_1048_orchd2/E2/S2/L90/P6", "paired_records": 198}
{"records_completed": 199, "case": "base/char_1048_orchd2/E2/S2/LNone/P1", "paired_records": 199}
{"records_completed": 200, "case": "base/char_1048_orchd2/E2/S2/LNone/P4", "paired_records": 200}
{"records_completed": 201, "case": "base/char_1048_orchd2/E2/S2/LNone/P5", "paired_records": 201}
{"records_completed": 202, "case": "base/char_1048_orchd2/E2/S2/LNone/P6", "paired_records": 202}
{"records_completed": 203, "case": "base/char_1048_orchd2/E2/S3/L1/P1", "paired_records": 203}
{"records_completed": 204, "case": "base/char_1048_orchd2/E2/S3/L1/P4", "paired_records": 204}
{"records_completed": 205, "case": "base/char_1048_orchd2/E2/S3/L1/P5", "paired_records": 205}
{"records_completed": 206, "case": "base/char_1048_orchd2/E2/S3/L1/P6", "paired_records": 206}
{"records_completed": 207, "case": "base/char_1048_orchd2/E2/S3/L90/P1", "paired_records": 207}
{"records_completed": 208, "case": "base/char_1048_orchd2/E2/S3/L90/P4", "paired_records": 208}
{"records_completed": 209, "case": "base/char_1048_orchd2/E2/S3/L90/P5", "paired_records": 209}
{"records_completed": 210, "case": "base/char_1048_orchd2/E2/S3/L90/P6", "paired_records": 210}
{"records_completed": 211, "case": "base/char_1048_orchd2/E2/S3/LNone/P1", "paired_records": 211}
{"records_completed": 212, "case": "base/char_1048_orchd2/E2/S3/LNone/P4", "paired_records": 212}
{"records_completed": 213, "case": "base/char_1048_orchd2/E2/S3/LNone/P5", "paired_records": 213}
{"records_completed": 214, "case": "base/char_1048_orchd2/E2/S3/LNone/P6", "paired_records": 214}
{"records_completed": 215, "case": "default/char_1048_orchd2/S1/missing-level", "paired_records": 215}
{"records_completed": 216, "case": "default/char_1048_orchd2/S1/all-default", "paired_records": 216}
{"records_completed": 217, "case": "default/char_1048_orchd2/S2/missing-level", "paired_records": 217}
{"records_completed": 218, "case": "default/char_1048_orchd2/S2/all-default", "paired_records": 218}
{"records_completed": 219, "case": "default/char_1048_orchd2/S3/missing-level", "paired_records": 219}
{"records_completed": 220, "case": "default/char_1048_orchd2/S3/all-default", "paired_records": 220}
{"records_completed": 221, "case": "base/char_4087_ines/E0/S1/L1/P1", "paired_records": 221}
{"records_completed": 222, "case": "base/char_4087_ines/E0/S1/L1/P4", "paired_records": 222}
{"records_completed": 223, "case": "base/char_4087_ines/E0/S1/L1/P5", "paired_records": 223}
{"records_completed": 224, "case": "base/char_4087_ines/E0/S1/L1/P6", "paired_records": 224}
{"records_completed": 225, "case": "base/char_4087_ines/E0/S1/L50/P1", "paired_records": 225}
{"records_completed": 226, "case": "base/char_4087_ines/E0/S1/L50/P4", "paired_records": 226}
{"records_completed": 227, "case": "base/char_4087_ines/E0/S1/L50/P5", "paired_records": 227}
{"records_completed": 228, "case": "base/char_4087_ines/E0/S1/L50/P6", "paired_records": 228}
{"records_completed": 229, "case": "base/char_4087_ines/E0/S1/LNone/P1", "paired_records": 229}
{"records_completed": 230, "case": "base/char_4087_ines/E0/S1/LNone/P4", "paired_records": 230}
{"records_completed": 231, "case": "base/char_4087_ines/E0/S1/LNone/P5", "paired_records": 231}
{"records_completed": 232, "case": "base/char_4087_ines/E0/S1/LNone/P6", "paired_records": 232}
{"records_completed": 233, "case": "base/char_4087_ines/E1/S1/L1/P1", "paired_records": 233}
{"records_completed": 234, "case": "base/char_4087_ines/E1/S1/L1/P4", "paired_records": 234}
{"records_completed": 235, "case": "base/char_4087_ines/E1/S1/L1/P5", "paired_records": 235}
{"records_completed": 236, "case": "base/char_4087_ines/E1/S1/L1/P6", "paired_records": 236}
{"records_completed": 237, "case": "base/char_4087_ines/E1/S1/L80/P1", "paired_records": 237}
{"records_completed": 238, "case": "base/char_4087_ines/E1/S1/L80/P4", "paired_records": 238}
{"records_completed": 239, "case": "base/char_4087_ines/E1/S1/L80/P5", "paired_records": 239}
{"records_completed": 240, "case": "base/char_4087_ines/E1/S1/L80/P6", "paired_records": 240}
{"records_completed": 241, "case": "base/char_4087_ines/E1/S1/LNone/P1", "paired_records": 241}
{"records_completed": 242, "case": "base/char_4087_ines/E1/S1/LNone/P4", "paired_records": 242}
{"records_completed": 243, "case": "base/char_4087_ines/E1/S1/LNone/P5", "paired_records": 243}
{"records_completed": 244, "case": "base/char_4087_ines/E1/S1/LNone/P6", "paired_records": 244}
{"records_completed": 245, "case": "base/char_4087_ines/E1/S2/L1/P1", "paired_records": 245}
{"records_completed": 246, "case": "base/char_4087_ines/E1/S2/L1/P4", "paired_records": 246}
{"records_completed": 247, "case": "base/char_4087_ines/E1/S2/L1/P5", "paired_records": 247}
{"records_completed": 248, "case": "base/char_4087_ines/E1/S2/L1/P6", "paired_records": 248}
{"records_completed": 249, "case": "base/char_4087_ines/E1/S2/L80/P1", "paired_records": 249}
{"records_completed": 250, "case": "base/char_4087_ines/E1/S2/L80/P4", "paired_records": 250}
{"records_completed": 251, "case": "base/char_4087_ines/E1/S2/L80/P5", "paired_records": 251}
{"records_completed": 252, "case": "base/char_4087_ines/E1/S2/L80/P6", "paired_records": 252}
{"records_completed": 253, "case": "base/char_4087_ines/E1/S2/LNone/P1", "paired_records": 253}
{"records_completed": 254, "case": "base/char_4087_ines/E1/S2/LNone/P4", "paired_records": 254}
{"records_completed": 255, "case": "base/char_4087_ines/E1/S2/LNone/P5", "paired_records": 255}
{"records_completed": 256, "case": "base/char_4087_ines/E1/S2/LNone/P6", "paired_records": 256}
{"records_completed": 257, "case": "base/char_4087_ines/E2/S1/L1/P1", "paired_records": 257}
{"records_completed": 258, "case": "base/char_4087_ines/E2/S1/L1/P4", "paired_records": 258}
{"records_completed": 259, "case": "base/char_4087_ines/E2/S1/L1/P5", "paired_records": 259}
{"records_completed": 260, "case": "base/char_4087_ines/E2/S1/L1/P6", "paired_records": 260}
{"records_completed": 261, "case": "base/char_4087_ines/E2/S1/L90/P1", "paired_records": 261}
{"records_completed": 262, "case": "base/char_4087_ines/E2/S1/L90/P4", "paired_records": 262}
{"records_completed": 263, "case": "base/char_4087_ines/E2/S1/L90/P5", "paired_records": 263}
{"records_completed": 264, "case": "base/char_4087_ines/E2/S1/L90/P6", "paired_records": 264}
{"records_completed": 265, "case": "base/char_4087_ines/E2/S1/LNone/P1", "paired_records": 265}
{"records_completed": 266, "case": "base/char_4087_ines/E2/S1/LNone/P4", "paired_records": 266}
{"records_completed": 267, "case": "base/char_4087_ines/E2/S1/LNone/P5", "paired_records": 267}
{"records_completed": 268, "case": "base/char_4087_ines/E2/S1/LNone/P6", "paired_records": 268}
{"records_completed": 269, "case": "base/char_4087_ines/E2/S2/L1/P1", "paired_records": 269}
{"records_completed": 270, "case": "base/char_4087_ines/E2/S2/L1/P4", "paired_records": 270}
{"records_completed": 271, "case": "base/char_4087_ines/E2/S2/L1/P5", "paired_records": 271}
{"records_completed": 272, "case": "base/char_4087_ines/E2/S2/L1/P6", "paired_records": 272}
{"records_completed": 273, "case": "base/char_4087_ines/E2/S2/L90/P1", "paired_records": 273}
{"records_completed": 274, "case": "base/char_4087_ines/E2/S2/L90/P4", "paired_records": 274}
{"records_completed": 275, "case": "base/char_4087_ines/E2/S2/L90/P5", "paired_records": 275}
{"records_completed": 276, "case": "base/char_4087_ines/E2/S2/L90/P6", "paired_records": 276}
{"records_completed": 277, "case": "base/char_4087_ines/E2/S2/LNone/P1", "paired_records": 277}
{"records_completed": 278, "case": "base/char_4087_ines/E2/S2/LNone/P4", "paired_records": 278}
{"records_completed": 279, "case": "base/char_4087_ines/E2/S2/LNone/P5", "paired_records": 279}
{"records_completed": 280, "case": "base/char_4087_ines/E2/S2/LNone/P6", "paired_records": 280}
{"records_completed": 281, "case": "base/char_4087_ines/E2/S3/L1/P1", "paired_records": 281}
{"records_completed": 282, "case": "base/char_4087_ines/E2/S3/L1/P4", "paired_records": 282}
{"records_completed": 283, "case": "base/char_4087_ines/E2/S3/L1/P5", "paired_records": 283}
{"records_completed": 284, "case": "base/char_4087_ines/E2/S3/L1/P6", "paired_records": 284}
{"records_completed": 285, "case": "base/char_4087_ines/E2/S3/L90/P1", "paired_records": 285}
{"records_completed": 286, "case": "base/char_4087_ines/E2/S3/L90/P4", "paired_records": 286}
{"records_completed": 287, "case": "base/char_4087_ines/E2/S3/L90/P5", "paired_records": 287}
{"records_completed": 288, "case": "base/char_4087_ines/E2/S3/L90/P6", "paired_records": 288}
{"records_completed": 289, "case": "base/char_4087_ines/E2/S3/LNone/P1", "paired_records": 289}
{"records_completed": 290, "case": "base/char_4087_ines/E2/S3/LNone/P4", "paired_records": 290}
{"records_completed": 291, "case": "base/char_4087_ines/E2/S3/LNone/P5", "paired_records": 291}
{"records_completed": 292, "case": "base/char_4087_ines/E2/S3/LNone/P6", "paired_records": 292}
{"records_completed": 293, "case": "default/char_4087_ines/S1/missing-level", "paired_records": 293}
{"records_completed": 294, "case": "default/char_4087_ines/S1/all-default", "paired_records": 294}
{"records_completed": 295, "case": "default/char_4087_ines/S2/missing-level", "paired_records": 295}
{"records_completed": 296, "case": "default/char_4087_ines/S2/all-default", "paired_records": 296}
{"records_completed": 297, "case": "default/char_4087_ines/S3/missing-level", "paired_records": 297}
{"records_completed": 298, "case": "default/char_4087_ines/S3/all-default", "paired_records": 298}
{"records_completed": 299, "case": "base/char_437_mizuki/E0/S1/L1/P1", "paired_records": 299}
{"records_completed": 300, "case": "base/char_437_mizuki/E0/S1/L1/P4", "paired_records": 300}
{"records_completed": 301, "case": "base/char_437_mizuki/E0/S1/L1/P5", "paired_records": 301}
{"records_completed": 302, "case": "base/char_437_mizuki/E0/S1/L1/P6", "paired_records": 302}
{"records_completed": 303, "case": "base/char_437_mizuki/E0/S1/L50/P1", "paired_records": 303}
{"records_completed": 304, "case": "base/char_437_mizuki/E0/S1/L50/P4", "paired_records": 304}
{"records_completed": 305, "case": "base/char_437_mizuki/E0/S1/L50/P5", "paired_records": 305}
{"records_completed": 306, "case": "base/char_437_mizuki/E0/S1/L50/P6", "paired_records": 306}
{"records_completed": 307, "case": "base/char_437_mizuki/E0/S1/LNone/P1", "paired_records": 307}
{"records_completed": 308, "case": "base/char_437_mizuki/E0/S1/LNone/P4", "paired_records": 308}
{"records_completed": 309, "case": "base/char_437_mizuki/E0/S1/LNone/P5", "paired_records": 309}
{"records_completed": 310, "case": "base/char_437_mizuki/E0/S1/LNone/P6", "paired_records": 310}
{"records_completed": 311, "case": "base/char_437_mizuki/E1/S1/L1/P1", "paired_records": 311}
{"records_completed": 312, "case": "base/char_437_mizuki/E1/S1/L1/P4", "paired_records": 312}
{"records_completed": 313, "case": "base/char_437_mizuki/E1/S1/L1/P5", "paired_records": 313}
{"records_completed": 314, "case": "base/char_437_mizuki/E1/S1/L1/P6", "paired_records": 314}
{"records_completed": 315, "case": "base/char_437_mizuki/E1/S1/L80/P1", "paired_records": 315}
{"records_completed": 316, "case": "base/char_437_mizuki/E1/S1/L80/P4", "paired_records": 316}
{"records_completed": 317, "case": "base/char_437_mizuki/E1/S1/L80/P5", "paired_records": 317}
{"records_completed": 318, "case": "base/char_437_mizuki/E1/S1/L80/P6", "paired_records": 318}
{"records_completed": 319, "case": "base/char_437_mizuki/E1/S1/LNone/P1", "paired_records": 319}
{"records_completed": 320, "case": "base/char_437_mizuki/E1/S1/LNone/P4", "paired_records": 320}
{"records_completed": 321, "case": "base/char_437_mizuki/E1/S1/LNone/P5", "paired_records": 321}
{"records_completed": 322, "case": "base/char_437_mizuki/E1/S1/LNone/P6", "paired_records": 322}
{"records_completed": 323, "case": "base/char_437_mizuki/E1/S2/L1/P1", "paired_records": 323}
{"records_completed": 324, "case": "base/char_437_mizuki/E1/S2/L1/P4", "paired_records": 324}
{"records_completed": 325, "case": "base/char_437_mizuki/E1/S2/L1/P5", "paired_records": 325}
{"records_completed": 326, "case": "base/char_437_mizuki/E1/S2/L1/P6", "paired_records": 326}
{"records_completed": 327, "case": "base/char_437_mizuki/E1/S2/L80/P1", "paired_records": 327}
{"records_completed": 328, "case": "base/char_437_mizuki/E1/S2/L80/P4", "paired_records": 328}
{"records_completed": 329, "case": "base/char_437_mizuki/E1/S2/L80/P5", "paired_records": 329}
{"records_completed": 330, "case": "base/char_437_mizuki/E1/S2/L80/P6", "paired_records": 330}
{"records_completed": 331, "case": "base/char_437_mizuki/E1/S2/LNone/P1", "paired_records": 331}
{"records_completed": 332, "case": "base/char_437_mizuki/E1/S2/LNone/P4", "paired_records": 332}
{"records_completed": 333, "case": "base/char_437_mizuki/E1/S2/LNone/P5", "paired_records": 333}
{"records_completed": 334, "case": "base/char_437_mizuki/E1/S2/LNone/P6", "paired_records": 334}
{"records_completed": 335, "case": "base/char_437_mizuki/E2/S1/L1/P1", "paired_records": 335}
{"records_completed": 336, "case": "base/char_437_mizuki/E2/S1/L1/P4", "paired_records": 336}
{"records_completed": 337, "case": "base/char_437_mizuki/E2/S1/L1/P5", "paired_records": 337}
{"records_completed": 338, "case": "base/char_437_mizuki/E2/S1/L1/P6", "paired_records": 338}
{"records_completed": 339, "case": "base/char_437_mizuki/E2/S1/L90/P1", "paired_records": 339}
{"records_completed": 340, "case": "base/char_437_mizuki/E2/S1/L90/P4", "paired_records": 340}
{"records_completed": 341, "case": "base/char_437_mizuki/E2/S1/L90/P5", "paired_records": 341}
{"records_completed": 342, "case": "base/char_437_mizuki/E2/S1/L90/P6", "paired_records": 342}
{"records_completed": 343, "case": "base/char_437_mizuki/E2/S1/LNone/P1", "paired_records": 343}
{"records_completed": 344, "case": "base/char_437_mizuki/E2/S1/LNone/P4", "paired_records": 344}
{"records_completed": 345, "case": "base/char_437_mizuki/E2/S1/LNone/P5", "paired_records": 345}
{"records_completed": 346, "case": "base/char_437_mizuki/E2/S1/LNone/P6", "paired_records": 346}
{"records_completed": 347, "case": "base/char_437_mizuki/E2/S2/L1/P1", "paired_records": 347}
{"records_completed": 348, "case": "base/char_437_mizuki/E2/S2/L1/P4", "paired_records": 348}
{"records_completed": 349, "case": "base/char_437_mizuki/E2/S2/L1/P5", "paired_records": 349}
{"records_completed": 350, "case": "base/char_437_mizuki/E2/S2/L1/P6", "paired_records": 350}
{"records_completed": 351, "case": "base/char_437_mizuki/E2/S2/L90/P1", "paired_records": 351}
{"records_completed": 352, "case": "base/char_437_mizuki/E2/S2/L90/P4", "paired_records": 352}
{"records_completed": 353, "case": "base/char_437_mizuki/E2/S2/L90/P5", "paired_records": 353}
{"records_completed": 354, "case": "base/char_437_mizuki/E2/S2/L90/P6", "paired_records": 354}
{"records_completed": 355, "case": "base/char_437_mizuki/E2/S2/LNone/P1", "paired_records": 355}
{"records_completed": 356, "case": "base/char_437_mizuki/E2/S2/LNone/P4", "paired_records": 356}
{"records_completed": 357, "case": "base/char_437_mizuki/E2/S2/LNone/P5", "paired_records": 357}
{"records_completed": 358, "case": "base/char_437_mizuki/E2/S2/LNone/P6", "paired_records": 358}
{"records_completed": 359, "case": "base/char_437_mizuki/E2/S3/L1/P1", "paired_records": 359}
{"records_completed": 360, "case": "base/char_437_mizuki/E2/S3/L1/P4", "paired_records": 360}
{"records_completed": 361, "case": "base/char_437_mizuki/E2/S3/L1/P5", "paired_records": 361}
{"records_completed": 362, "case": "base/char_437_mizuki/E2/S3/L1/P6", "paired_records": 362}
{"records_completed": 363, "case": "base/char_437_mizuki/E2/S3/L90/P1", "paired_records": 363}
{"records_completed": 364, "case": "base/char_437_mizuki/E2/S3/L90/P4", "paired_records": 364}
{"records_completed": 365, "case": "base/char_437_mizuki/E2/S3/L90/P5", "paired_records": 365}
{"records_completed": 366, "case": "base/char_437_mizuki/E2/S3/L90/P6", "paired_records": 366}
{"records_completed": 367, "case": "base/char_437_mizuki/E2/S3/LNone/P1", "paired_records": 367}
{"records_completed": 368, "case": "base/char_437_mizuki/E2/S3/LNone/P4", "paired_records": 368}
{"records_completed": 369, "case": "base/char_437_mizuki/E2/S3/LNone/P5", "paired_records": 369}
{"records_completed": 370, "case": "base/char_437_mizuki/E2/S3/LNone/P6", "paired_records": 370}
{"records_completed": 371, "case": "default/char_437_mizuki/S1/missing-level", "paired_records": 371}
{"records_completed": 372, "case": "default/char_437_mizuki/S1/all-default", "paired_records": 372}
{"records_completed": 373, "case": "default/char_437_mizuki/S2/missing-level", "paired_records": 373}
{"records_completed": 374, "case": "default/char_437_mizuki/S2/all-default", "paired_records": 374}
{"records_completed": 375, "case": "default/char_437_mizuki/S3/missing-level", "paired_records": 375}
{"records_completed": 376, "case": "default/char_437_mizuki/S3/all-default", "paired_records": 376}
{"records_completed": 377, "case": "base/char_1044_hsgma2/E0/S1/L1/P1", "paired_records": 377}
{"records_completed": 378, "case": "base/char_1044_hsgma2/E0/S1/L1/P4", "paired_records": 378}
{"records_completed": 379, "case": "base/char_1044_hsgma2/E0/S1/L1/P5", "paired_records": 379}
{"records_completed": 380, "case": "base/char_1044_hsgma2/E0/S1/L1/P6", "paired_records": 380}
{"records_completed": 381, "case": "base/char_1044_hsgma2/E0/S1/L50/P1", "paired_records": 381}
{"records_completed": 382, "case": "base/char_1044_hsgma2/E0/S1/L50/P4", "paired_records": 382}
{"records_completed": 383, "case": "base/char_1044_hsgma2/E0/S1/L50/P5", "paired_records": 383}
{"records_completed": 384, "case": "base/char_1044_hsgma2/E0/S1/L50/P6", "paired_records": 384}
{"records_completed": 385, "case": "base/char_1044_hsgma2/E0/S1/LNone/P1", "paired_records": 385}
{"records_completed": 386, "case": "base/char_1044_hsgma2/E0/S1/LNone/P4", "paired_records": 386}
{"records_completed": 387, "case": "base/char_1044_hsgma2/E0/S1/LNone/P5", "paired_records": 387}
{"records_completed": 388, "case": "base/char_1044_hsgma2/E0/S1/LNone/P6", "paired_records": 388}
{"records_completed": 389, "case": "base/char_1044_hsgma2/E1/S1/L1/P1", "paired_records": 389}
{"records_completed": 390, "case": "base/char_1044_hsgma2/E1/S1/L1/P4", "paired_records": 390}
{"records_completed": 391, "case": "base/char_1044_hsgma2/E1/S1/L1/P5", "paired_records": 391}
{"records_completed": 392, "case": "base/char_1044_hsgma2/E1/S1/L1/P6", "paired_records": 392}
{"records_completed": 393, "case": "base/char_1044_hsgma2/E1/S1/L80/P1", "paired_records": 393}
{"records_completed": 394, "case": "base/char_1044_hsgma2/E1/S1/L80/P4", "paired_records": 394}
{"records_completed": 395, "case": "base/char_1044_hsgma2/E1/S1/L80/P5", "paired_records": 395}
{"records_completed": 396, "case": "base/char_1044_hsgma2/E1/S1/L80/P6", "paired_records": 396}
{"records_completed": 397, "case": "base/char_1044_hsgma2/E1/S1/LNone/P1", "paired_records": 397}
{"records_completed": 398, "case": "base/char_1044_hsgma2/E1/S1/LNone/P4", "paired_records": 398}
{"records_completed": 399, "case": "base/char_1044_hsgma2/E1/S1/LNone/P5", "paired_records": 399}
{"records_completed": 400, "case": "base/char_1044_hsgma2/E1/S1/LNone/P6", "paired_records": 400}
{"records_completed": 401, "case": "base/char_1044_hsgma2/E1/S2/L1/P1", "paired_records": 401}
{"records_completed": 402, "case": "base/char_1044_hsgma2/E1/S2/L1/P4", "paired_records": 402}
{"records_completed": 403, "case": "base/char_1044_hsgma2/E1/S2/L1/P5", "paired_records": 403}
{"records_completed": 404, "case": "base/char_1044_hsgma2/E1/S2/L1/P6", "paired_records": 404}
{"records_completed": 405, "case": "base/char_1044_hsgma2/E1/S2/L80/P1", "paired_records": 405}
{"records_completed": 406, "case": "base/char_1044_hsgma2/E1/S2/L80/P4", "paired_records": 406}
{"records_completed": 407, "case": "base/char_1044_hsgma2/E1/S2/L80/P5", "paired_records": 407}
{"records_completed": 408, "case": "base/char_1044_hsgma2/E1/S2/L80/P6", "paired_records": 408}
{"records_completed": 409, "case": "base/char_1044_hsgma2/E1/S2/LNone/P1", "paired_records": 409}
{"records_completed": 410, "case": "base/char_1044_hsgma2/E1/S2/LNone/P4", "paired_records": 410}
{"records_completed": 411, "case": "base/char_1044_hsgma2/E1/S2/LNone/P5", "paired_records": 411}
{"records_completed": 412, "case": "base/char_1044_hsgma2/E1/S2/LNone/P6", "paired_records": 412}
{"records_completed": 413, "case": "base/char_1044_hsgma2/E2/S1/L1/P1", "paired_records": 413}
{"records_completed": 414, "case": "base/char_1044_hsgma2/E2/S1/L1/P4", "paired_records": 414}
{"records_completed": 415, "case": "base/char_1044_hsgma2/E2/S1/L1/P5", "paired_records": 415}
{"records_completed": 416, "case": "base/char_1044_hsgma2/E2/S1/L1/P6", "paired_records": 416}
{"records_completed": 417, "case": "base/char_1044_hsgma2/E2/S1/L90/P1", "paired_records": 417}
{"records_completed": 418, "case": "base/char_1044_hsgma2/E2/S1/L90/P4", "paired_records": 418}
{"records_completed": 419, "case": "base/char_1044_hsgma2/E2/S1/L90/P5", "paired_records": 419}
{"records_completed": 420, "case": "base/char_1044_hsgma2/E2/S1/L90/P6", "paired_records": 420}
{"records_completed": 421, "case": "base/char_1044_hsgma2/E2/S1/LNone/P1", "paired_records": 421}
{"records_completed": 422, "case": "base/char_1044_hsgma2/E2/S1/LNone/P4", "paired_records": 422}
{"records_completed": 423, "case": "base/char_1044_hsgma2/E2/S1/LNone/P5", "paired_records": 423}
{"records_completed": 424, "case": "base/char_1044_hsgma2/E2/S1/LNone/P6", "paired_records": 424}
{"records_completed": 425, "case": "base/char_1044_hsgma2/E2/S2/L1/P1", "paired_records": 425}
{"records_completed": 426, "case": "base/char_1044_hsgma2/E2/S2/L1/P4", "paired_records": 426}
{"records_completed": 427, "case": "base/char_1044_hsgma2/E2/S2/L1/P5", "paired_records": 427}
{"records_completed": 428, "case": "base/char_1044_hsgma2/E2/S2/L1/P6", "paired_records": 428}
{"records_completed": 429, "case": "base/char_1044_hsgma2/E2/S2/L90/P1", "paired_records": 429}
{"records_completed": 430, "case": "base/char_1044_hsgma2/E2/S2/L90/P4", "paired_records": 430}
{"records_completed": 431, "case": "base/char_1044_hsgma2/E2/S2/L90/P5", "paired_records": 431}
{"records_completed": 432, "case": "base/char_1044_hsgma2/E2/S2/L90/P6", "paired_records": 432}
{"records_completed": 433, "case": "base/char_1044_hsgma2/E2/S2/LNone/P1", "paired_records": 433}
{"records_completed": 434, "case": "base/char_1044_hsgma2/E2/S2/LNone/P4", "paired_records": 434}
{"records_completed": 435, "case": "base/char_1044_hsgma2/E2/S2/LNone/P5", "paired_records": 435}
{"records_completed": 436, "case": "base/char_1044_hsgma2/E2/S2/LNone/P6", "paired_records": 436}
{"records_completed": 437, "case": "base/char_1044_hsgma2/E2/S3/L1/P1", "paired_records": 437}
{"records_completed": 438, "case": "base/char_1044_hsgma2/E2/S3/L1/P4", "paired_records": 438}
{"records_completed": 439, "case": "base/char_1044_hsgma2/E2/S3/L1/P5", "paired_records": 439}
{"records_completed": 440, "case": "base/char_1044_hsgma2/E2/S3/L1/P6", "paired_records": 440}
{"records_completed": 441, "case": "base/char_1044_hsgma2/E2/S3/L90/P1", "paired_records": 441}
{"records_completed": 442, "case": "base/char_1044_hsgma2/E2/S3/L90/P4", "paired_records": 442}
{"records_completed": 443, "case": "base/char_1044_hsgma2/E2/S3/L90/P5", "paired_records": 443}
{"records_completed": 444, "case": "base/char_1044_hsgma2/E2/S3/L90/P6", "paired_records": 444}
{"records_completed": 445, "case": "base/char_1044_hsgma2/E2/S3/LNone/P1", "paired_records": 445}
{"records_completed": 446, "case": "base/char_1044_hsgma2/E2/S3/LNone/P4", "paired_records": 446}
{"records_completed": 447, "case": "base/char_1044_hsgma2/E2/S3/LNone/P5", "paired_records": 447}
{"records_completed": 448, "case": "base/char_1044_hsgma2/E2/S3/LNone/P6", "paired_records": 448}
{"records_completed": 449, "case": "default/char_1044_hsgma2/S1/missing-level", "paired_records": 449}
{"records_completed": 450, "case": "default/char_1044_hsgma2/S1/all-default", "paired_records": 450}
{"records_completed": 451, "case": "default/char_1044_hsgma2/S2/missing-level", "paired_records": 451}
{"records_completed": 452, "case": "default/char_1044_hsgma2/S2/all-default", "paired_records": 452}
{"records_completed": 453, "case": "default/char_1044_hsgma2/S3/missing-level", "paired_records": 453}
{"records_completed": 454, "case": "default/char_1044_hsgma2/S3/all-default", "paired_records": 454}
{"records_completed": 455, "case": "module/uniequip_002_shu/stage1/L59/P4/S1", "paired_records": 455}
{"records_completed": 456, "case": "module/uniequip_002_shu/stage1/L59/P4/S2", "paired_records": 456}
{"records_completed": 457, "case": "module/uniequip_002_shu/stage1/L59/P4/S3", "paired_records": 457}
{"records_completed": 458, "case": "module/uniequip_002_shu/stage1/L59/P5/S1", "paired_records": 458}
{"records_completed": 459, "case": "module/uniequip_002_shu/stage1/L59/P5/S2", "paired_records": 459}
{"records_completed": 460, "case": "module/uniequip_002_shu/stage1/L59/P5/S3", "paired_records": 460}
{"records_completed": 461, "case": "module/uniequip_002_shu/stage1/L60/P4/S1", "paired_records": 461}
{"records_completed": 462, "case": "module/uniequip_002_shu/stage1/L60/P4/S2", "paired_records": 462}
{"records_completed": 463, "case": "module/uniequip_002_shu/stage1/L60/P4/S3", "paired_records": 463}
{"records_completed": 464, "case": "module/uniequip_002_shu/stage1/L60/P5/S1", "paired_records": 464}
{"records_completed": 465, "case": "module/uniequip_002_shu/stage1/L60/P5/S2", "paired_records": 465}
{"records_completed": 466, "case": "module/uniequip_002_shu/stage1/L60/P5/S3", "paired_records": 466}
{"records_completed": 467, "case": "module/uniequip_002_shu/stage1/LNone/P4/S1", "paired_records": 467}
{"records_completed": 468, "case": "module/uniequip_002_shu/stage1/LNone/P4/S2", "paired_records": 468}
{"records_completed": 469, "case": "module/uniequip_002_shu/stage1/LNone/P4/S3", "paired_records": 469}
{"records_completed": 470, "case": "module/uniequip_002_shu/stage1/LNone/P5/S1", "paired_records": 470}
{"records_completed": 471, "case": "module/uniequip_002_shu/stage1/LNone/P5/S2", "paired_records": 471}
{"records_completed": 472, "case": "module/uniequip_002_shu/stage1/LNone/P5/S3", "paired_records": 472}
{"records_completed": 473, "case": "module/uniequip_002_shu/stage2/L59/P4/S1", "paired_records": 473}
{"records_completed": 474, "case": "module/uniequip_002_shu/stage2/L59/P4/S2", "paired_records": 474}
{"records_completed": 475, "case": "module/uniequip_002_shu/stage2/L59/P4/S3", "paired_records": 475}
{"records_completed": 476, "case": "module/uniequip_002_shu/stage2/L59/P5/S1", "paired_records": 476}
{"records_completed": 477, "case": "module/uniequip_002_shu/stage2/L59/P5/S2", "paired_records": 477}
{"records_completed": 478, "case": "module/uniequip_002_shu/stage2/L59/P5/S3", "paired_records": 478}
{"records_completed": 479, "case": "module/uniequip_002_shu/stage2/L60/P4/S1", "paired_records": 479}
{"records_completed": 480, "case": "module/uniequip_002_shu/stage2/L60/P4/S2", "paired_records": 480}
{"records_completed": 481, "case": "module/uniequip_002_shu/stage2/L60/P4/S3", "paired_records": 481}
{"records_completed": 482, "case": "module/uniequip_002_shu/stage2/L60/P5/S1", "paired_records": 482}
{"records_completed": 483, "case": "module/uniequip_002_shu/stage2/L60/P5/S2", "paired_records": 483}
{"records_completed": 484, "case": "module/uniequip_002_shu/stage2/L60/P5/S3", "paired_records": 484}
{"records_completed": 485, "case": "module/uniequip_002_shu/stage2/LNone/P4/S1", "paired_records": 485}
{"records_completed": 486, "case": "module/uniequip_002_shu/stage2/LNone/P4/S2", "paired_records": 486}
{"records_completed": 487, "case": "module/uniequip_002_shu/stage2/LNone/P4/S3", "paired_records": 487}
{"records_completed": 488, "case": "module/uniequip_002_shu/stage2/LNone/P5/S1", "paired_records": 488}
{"records_completed": 489, "case": "module/uniequip_002_shu/stage2/LNone/P5/S2", "paired_records": 489}
{"records_completed": 490, "case": "module/uniequip_002_shu/stage2/LNone/P5/S3", "paired_records": 490}
{"records_completed": 491, "case": "module/uniequip_002_shu/stage3/L59/P4/S1", "paired_records": 491}
{"records_completed": 492, "case": "module/uniequip_002_shu/stage3/L59/P4/S2", "paired_records": 492}
{"records_completed": 493, "case": "module/uniequip_002_shu/stage3/L59/P4/S3", "paired_records": 493}
{"records_completed": 494, "case": "module/uniequip_002_shu/stage3/L59/P5/S1", "paired_records": 494}
{"records_completed": 495, "case": "module/uniequip_002_shu/stage3/L59/P5/S2", "paired_records": 495}
{"records_completed": 496, "case": "module/uniequip_002_shu/stage3/L59/P5/S3", "paired_records": 496}
{"records_completed": 497, "case": "module/uniequip_002_shu/stage3/L60/P4/S1", "paired_records": 497}
{"records_completed": 498, "case": "module/uniequip_002_shu/stage3/L60/P4/S2", "paired_records": 498}
{"records_completed": 499, "case": "module/uniequip_002_shu/stage3/L60/P4/S3", "paired_records": 499}
{"records_completed": 500, "case": "module/uniequip_002_shu/stage3/L60/P5/S1", "paired_records": 500}
{"records_completed": 501, "case": "module/uniequip_002_shu/stage3/L60/P5/S2", "paired_records": 501}
{"records_completed": 502, "case": "module/uniequip_002_shu/stage3/L60/P5/S3", "paired_records": 502}
{"records_completed": 503, "case": "module/uniequip_002_shu/stage3/LNone/P4/S1", "paired_records": 503}
{"records_completed": 504, "case": "module/uniequip_002_shu/stage3/LNone/P4/S2", "paired_records": 504}
{"records_completed": 505, "case": "module/uniequip_002_shu/stage3/LNone/P4/S3", "paired_records": 505}
{"records_completed": 506, "case": "module/uniequip_002_shu/stage3/LNone/P5/S1", "paired_records": 506}
{"records_completed": 507, "case": "module/uniequip_002_shu/stage3/LNone/P5/S2", "paired_records": 507}
{"records_completed": 508, "case": "module/uniequip_002_shu/stage3/LNone/P5/S3", "paired_records": 508}
{"records_completed": 509, "case": "module/uniequip_002_susuro/stage1/L39/P4/S1", "paired_records": 509}
{"records_completed": 510, "case": "module/uniequip_002_susuro/stage1/L39/P4/S2", "paired_records": 510}
{"records_completed": 511, "case": "module/uniequip_002_susuro/stage1/L39/P5/S1", "paired_records": 511}
{"records_completed": 512, "case": "module/uniequip_002_susuro/stage1/L39/P5/S2", "paired_records": 512}
{"records_completed": 513, "case": "module/uniequip_002_susuro/stage1/L40/P4/S1", "paired_records": 513}
{"records_completed": 514, "case": "module/uniequip_002_susuro/stage1/L40/P4/S2", "paired_records": 514}
{"records_completed": 515, "case": "module/uniequip_002_susuro/stage1/L40/P5/S1", "paired_records": 515}
{"records_completed": 516, "case": "module/uniequip_002_susuro/stage1/L40/P5/S2", "paired_records": 516}
{"records_completed": 517, "case": "module/uniequip_002_susuro/stage1/LNone/P4/S1", "paired_records": 517}
{"records_completed": 518, "case": "module/uniequip_002_susuro/stage1/LNone/P4/S2", "paired_records": 518}
{"records_completed": 519, "case": "module/uniequip_002_susuro/stage1/LNone/P5/S1", "paired_records": 519}
{"records_completed": 520, "case": "module/uniequip_002_susuro/stage1/LNone/P5/S2", "paired_records": 520}
{"records_completed": 521, "case": "module/uniequip_002_susuro/stage2/L39/P4/S1", "paired_records": 521}
{"records_completed": 522, "case": "module/uniequip_002_susuro/stage2/L39/P4/S2", "paired_records": 522}
{"records_completed": 523, "case": "module/uniequip_002_susuro/stage2/L39/P5/S1", "paired_records": 523}
{"records_completed": 524, "case": "module/uniequip_002_susuro/stage2/L39/P5/S2", "paired_records": 524}
{"records_completed": 525, "case": "module/uniequip_002_susuro/stage2/L40/P4/S1", "paired_records": 525}
{"records_completed": 526, "case": "module/uniequip_002_susuro/stage2/L40/P4/S2", "paired_records": 526}
{"records_completed": 527, "case": "module/uniequip_002_susuro/stage2/L40/P5/S1", "paired_records": 527}
{"records_completed": 528, "case": "module/uniequip_002_susuro/stage2/L40/P5/S2", "paired_records": 528}
{"records_completed": 529, "case": "module/uniequip_002_susuro/stage2/LNone/P4/S1", "paired_records": 529}
{"records_completed": 530, "case": "module/uniequip_002_susuro/stage2/LNone/P4/S2", "paired_records": 530}
{"records_completed": 531, "case": "module/uniequip_002_susuro/stage2/LNone/P5/S1", "paired_records": 531}
{"records_completed": 532, "case": "module/uniequip_002_susuro/stage2/LNone/P5/S2", "paired_records": 532}
{"records_completed": 533, "case": "module/uniequip_002_susuro/stage3/L39/P4/S1", "paired_records": 533}
{"records_completed": 534, "case": "module/uniequip_002_susuro/stage3/L39/P4/S2", "paired_records": 534}
{"records_completed": 535, "case": "module/uniequip_002_susuro/stage3/L39/P5/S1", "paired_records": 535}
{"records_completed": 536, "case": "module/uniequip_002_susuro/stage3/L39/P5/S2", "paired_records": 536}
{"records_completed": 537, "case": "module/uniequip_002_susuro/stage3/L40/P4/S1", "paired_records": 537}
{"records_completed": 538, "case": "module/uniequip_002_susuro/stage3/L40/P4/S2", "paired_records": 538}
{"records_completed": 539, "case": "module/uniequip_002_susuro/stage3/L40/P5/S1", "paired_records": 539}
{"records_completed": 540, "case": "module/uniequip_002_susuro/stage3/L40/P5/S2", "paired_records": 540}
{"records_completed": 541, "case": "module/uniequip_002_susuro/stage3/LNone/P4/S1", "paired_records": 541}
{"records_completed": 542, "case": "module/uniequip_002_susuro/stage3/LNone/P4/S2", "paired_records": 542}
{"records_completed": 543, "case": "module/uniequip_002_susuro/stage3/LNone/P5/S1", "paired_records": 543}
{"records_completed": 544, "case": "module/uniequip_002_susuro/stage3/LNone/P5/S2", "paired_records": 544}
{"records_completed": 545, "case": "module/uniequip_002_orchd2/stage1/L59/P4/S1", "paired_records": 545}
{"records_completed": 546, "case": "module/uniequip_002_orchd2/stage1/L59/P4/S2", "paired_records": 546}
{"records_completed": 547, "case": "module/uniequip_002_orchd2/stage1/L59/P4/S3", "paired_records": 547}
{"records_completed": 548, "case": "module/uniequip_002_orchd2/stage1/L59/P5/S1", "paired_records": 548}
{"records_completed": 549, "case": "module/uniequip_002_orchd2/stage1/L59/P5/S2", "paired_records": 549}
{"records_completed": 550, "case": "module/uniequip_002_orchd2/stage1/L59/P5/S3", "paired_records": 550}
{"records_completed": 551, "case": "module/uniequip_002_orchd2/stage1/L60/P4/S1", "paired_records": 551}
{"records_completed": 552, "case": "module/uniequip_002_orchd2/stage1/L60/P4/S2", "paired_records": 552}
{"records_completed": 553, "case": "module/uniequip_002_orchd2/stage1/L60/P4/S3", "paired_records": 553}
{"records_completed": 554, "case": "module/uniequip_002_orchd2/stage1/L60/P5/S1", "paired_records": 554}
{"records_completed": 555, "case": "module/uniequip_002_orchd2/stage1/L60/P5/S2", "paired_records": 555}
{"records_completed": 556, "case": "module/uniequip_002_orchd2/stage1/L60/P5/S3", "paired_records": 556}
{"records_completed": 557, "case": "module/uniequip_002_orchd2/stage1/LNone/P4/S1", "paired_records": 557}
{"records_completed": 558, "case": "module/uniequip_002_orchd2/stage1/LNone/P4/S2", "paired_records": 558}
{"records_completed": 559, "case": "module/uniequip_002_orchd2/stage1/LNone/P4/S3", "paired_records": 559}
{"records_completed": 560, "case": "module/uniequip_002_orchd2/stage1/LNone/P5/S1", "paired_records": 560}
{"records_completed": 561, "case": "module/uniequip_002_orchd2/stage1/LNone/P5/S2", "paired_records": 561}
{"records_completed": 562, "case": "module/uniequip_002_orchd2/stage1/LNone/P5/S3", "paired_records": 562}
{"records_completed": 563, "case": "module/uniequip_002_orchd2/stage2/L59/P4/S1", "paired_records": 563}
{"records_completed": 564, "case": "module/uniequip_002_orchd2/stage2/L59/P4/S2", "paired_records": 564}
{"records_completed": 565, "case": "module/uniequip_002_orchd2/stage2/L59/P4/S3", "paired_records": 565}
{"records_completed": 566, "case": "module/uniequip_002_orchd2/stage2/L59/P5/S1", "paired_records": 566}
{"records_completed": 567, "case": "module/uniequip_002_orchd2/stage2/L59/P5/S2", "paired_records": 567}
{"records_completed": 568, "case": "module/uniequip_002_orchd2/stage2/L59/P5/S3", "paired_records": 568}
{"records_completed": 569, "case": "module/uniequip_002_orchd2/stage2/L60/P4/S1", "paired_records": 569}
{"records_completed": 570, "case": "module/uniequip_002_orchd2/stage2/L60/P4/S2", "paired_records": 570}
{"records_completed": 571, "case": "module/uniequip_002_orchd2/stage2/L60/P4/S3", "paired_records": 571}
{"records_completed": 572, "case": "module/uniequip_002_orchd2/stage2/L60/P5/S1", "paired_records": 572}
{"records_completed": 573, "case": "module/uniequip_002_orchd2/stage2/L60/P5/S2", "paired_records": 573}
{"records_completed": 574, "case": "module/uniequip_002_orchd2/stage2/L60/P5/S3", "paired_records": 574}
{"records_completed": 575, "case": "module/uniequip_002_orchd2/stage2/LNone/P4/S1", "paired_records": 575}
{"records_completed": 576, "case": "module/uniequip_002_orchd2/stage2/LNone/P4/S2", "paired_records": 576}
{"records_completed": 577, "case": "module/uniequip_002_orchd2/stage2/LNone/P4/S3", "paired_records": 577}
{"records_completed": 578, "case": "module/uniequip_002_orchd2/stage2/LNone/P5/S1", "paired_records": 578}
{"records_completed": 579, "case": "module/uniequip_002_orchd2/stage2/LNone/P5/S2", "paired_records": 579}
{"records_completed": 580, "case": "module/uniequip_002_orchd2/stage2/LNone/P5/S3", "paired_records": 580}
{"records_completed": 581, "case": "module/uniequip_002_orchd2/stage3/L59/P4/S1", "paired_records": 581}
{"records_completed": 582, "case": "module/uniequip_002_orchd2/stage3/L59/P4/S2", "paired_records": 582}
{"records_completed": 583, "case": "module/uniequip_002_orchd2/stage3/L59/P4/S3", "paired_records": 583}
{"records_completed": 584, "case": "module/uniequip_002_orchd2/stage3/L59/P5/S1", "paired_records": 584}
{"records_completed": 585, "case": "module/uniequip_002_orchd2/stage3/L59/P5/S2", "paired_records": 585}
{"records_completed": 586, "case": "module/uniequip_002_orchd2/stage3/L59/P5/S3", "paired_records": 586}
{"records_completed": 587, "case": "module/uniequip_002_orchd2/stage3/L60/P4/S1", "paired_records": 587}
{"records_completed": 588, "case": "module/uniequip_002_orchd2/stage3/L60/P4/S2", "paired_records": 588}
{"records_completed": 589, "case": "module/uniequip_002_orchd2/stage3/L60/P4/S3", "paired_records": 589}
{"records_completed": 590, "case": "module/uniequip_002_orchd2/stage3/L60/P5/S1", "paired_records": 590}
{"records_completed": 591, "case": "module/uniequip_002_orchd2/stage3/L60/P5/S2", "paired_records": 591}
{"records_completed": 592, "case": "module/uniequip_002_orchd2/stage3/L60/P5/S3", "paired_records": 592}
{"records_completed": 593, "case": "module/uniequip_002_orchd2/stage3/LNone/P4/S1", "paired_records": 593}
{"records_completed": 594, "case": "module/uniequip_002_orchd2/stage3/LNone/P4/S2", "paired_records": 594}
{"records_completed": 595, "case": "module/uniequip_002_orchd2/stage3/LNone/P4/S3", "paired_records": 595}
{"records_completed": 596, "case": "module/uniequip_002_orchd2/stage3/LNone/P5/S1", "paired_records": 596}
{"records_completed": 597, "case": "module/uniequip_002_orchd2/stage3/LNone/P5/S2", "paired_records": 597}
{"records_completed": 598, "case": "module/uniequip_002_orchd2/stage3/LNone/P5/S3", "paired_records": 598}
{"records_completed": 599, "case": "module/uniequip_002_ines/stage1/L59/P4/S1", "paired_records": 599}
{"records_completed": 600, "case": "module/uniequip_002_ines/stage1/L59/P4/S2", "paired_records": 600}
{"records_completed": 601, "case": "module/uniequip_002_ines/stage1/L59/P4/S3", "paired_records": 601}
{"records_completed": 602, "case": "module/uniequip_002_ines/stage1/L59/P5/S1", "paired_records": 602}
{"records_completed": 603, "case": "module/uniequip_002_ines/stage1/L59/P5/S2", "paired_records": 603}
{"records_completed": 604, "case": "module/uniequip_002_ines/stage1/L59/P5/S3", "paired_records": 604}
{"records_completed": 605, "case": "module/uniequip_002_ines/stage1/L60/P4/S1", "paired_records": 605}
{"records_completed": 606, "case": "module/uniequip_002_ines/stage1/L60/P4/S2", "paired_records": 606}
{"records_completed": 607, "case": "module/uniequip_002_ines/stage1/L60/P4/S3", "paired_records": 607}
{"records_completed": 608, "case": "module/uniequip_002_ines/stage1/L60/P5/S1", "paired_records": 608}
{"records_completed": 609, "case": "module/uniequip_002_ines/stage1/L60/P5/S2", "paired_records": 609}
{"records_completed": 610, "case": "module/uniequip_002_ines/stage1/L60/P5/S3", "paired_records": 610}
{"records_completed": 611, "case": "module/uniequip_002_ines/stage1/LNone/P4/S1", "paired_records": 611}
{"records_completed": 612, "case": "module/uniequip_002_ines/stage1/LNone/P4/S2", "paired_records": 612}
{"records_completed": 613, "case": "module/uniequip_002_ines/stage1/LNone/P4/S3", "paired_records": 613}
{"records_completed": 614, "case": "module/uniequip_002_ines/stage1/LNone/P5/S1", "paired_records": 614}
{"records_completed": 615, "case": "module/uniequip_002_ines/stage1/LNone/P5/S2", "paired_records": 615}
{"records_completed": 616, "case": "module/uniequip_002_ines/stage1/LNone/P5/S3", "paired_records": 616}
{"records_completed": 617, "case": "module/uniequip_002_ines/stage2/L59/P4/S1", "paired_records": 617}
{"records_completed": 618, "case": "module/uniequip_002_ines/stage2/L59/P4/S2", "paired_records": 618}
{"records_completed": 619, "case": "module/uniequip_002_ines/stage2/L59/P4/S3", "paired_records": 619}
{"records_completed": 620, "case": "module/uniequip_002_ines/stage2/L59/P5/S1", "paired_records": 620}
{"records_completed": 621, "case": "module/uniequip_002_ines/stage2/L59/P5/S2", "paired_records": 621}
{"records_completed": 622, "case": "module/uniequip_002_ines/stage2/L59/P5/S3", "paired_records": 622}
{"records_completed": 623, "case": "module/uniequip_002_ines/stage2/L60/P4/S1", "paired_records": 623}
{"records_completed": 624, "case": "module/uniequip_002_ines/stage2/L60/P4/S2", "paired_records": 624}
{"records_completed": 625, "case": "module/uniequip_002_ines/stage2/L60/P4/S3", "paired_records": 625}
{"records_completed": 626, "case": "module/uniequip_002_ines/stage2/L60/P5/S1", "paired_records": 626}
{"records_completed": 627, "case": "module/uniequip_002_ines/stage2/L60/P5/S2", "paired_records": 627}
{"records_completed": 628, "case": "module/uniequip_002_ines/stage2/L60/P5/S3", "paired_records": 628}
{"records_completed": 629, "case": "module/uniequip_002_ines/stage2/LNone/P4/S1", "paired_records": 629}
{"records_completed": 630, "case": "module/uniequip_002_ines/stage2/LNone/P4/S2", "paired_records": 630}
{"records_completed": 631, "case": "module/uniequip_002_ines/stage2/LNone/P4/S3", "paired_records": 631}
{"records_completed": 632, "case": "module/uniequip_002_ines/stage2/LNone/P5/S1", "paired_records": 632}
{"records_completed": 633, "case": "module/uniequip_002_ines/stage2/LNone/P5/S2", "paired_records": 633}
{"records_completed": 634, "case": "module/uniequip_002_ines/stage2/LNone/P5/S3", "paired_records": 634}
{"records_completed": 635, "case": "module/uniequip_002_ines/stage3/L59/P4/S1", "paired_records": 635}
{"records_completed": 636, "case": "module/uniequip_002_ines/stage3/L59/P4/S2", "paired_records": 636}
{"records_completed": 637, "case": "module/uniequip_002_ines/stage3/L59/P4/S3", "paired_records": 637}
{"records_completed": 638, "case": "module/uniequip_002_ines/stage3/L59/P5/S1", "paired_records": 638}
{"records_completed": 639, "case": "module/uniequip_002_ines/stage3/L59/P5/S2", "paired_records": 639}
{"records_completed": 640, "case": "module/uniequip_002_ines/stage3/L59/P5/S3", "paired_records": 640}
{"records_completed": 641, "case": "module/uniequip_002_ines/stage3/L60/P4/S1", "paired_records": 641}
{"records_completed": 642, "case": "module/uniequip_002_ines/stage3/L60/P4/S2", "paired_records": 642}
{"records_completed": 643, "case": "module/uniequip_002_ines/stage3/L60/P4/S3", "paired_records": 643}
{"records_completed": 644, "case": "module/uniequip_002_ines/stage3/L60/P5/S1", "paired_records": 644}
{"records_completed": 645, "case": "module/uniequip_002_ines/stage3/L60/P5/S2", "paired_records": 645}
{"records_completed": 646, "case": "module/uniequip_002_ines/stage3/L60/P5/S3", "paired_records": 646}
{"records_completed": 647, "case": "module/uniequip_002_ines/stage3/LNone/P4/S1", "paired_records": 647}
{"records_completed": 648, "case": "module/uniequip_002_ines/stage3/LNone/P4/S2", "paired_records": 648}
{"records_completed": 649, "case": "module/uniequip_002_ines/stage3/LNone/P4/S3", "paired_records": 649}
{"records_completed": 650, "case": "module/uniequip_002_ines/stage3/LNone/P5/S1", "paired_records": 650}
{"records_completed": 651, "case": "module/uniequip_002_ines/stage3/LNone/P5/S2", "paired_records": 651}
{"records_completed": 652, "case": "module/uniequip_002_ines/stage3/LNone/P5/S3", "paired_records": 652}
{"records_completed": 653, "case": "module/uniequip_002_mizuki/stage1/L59/P4/S1", "paired_records": 653}
{"records_completed": 654, "case": "module/uniequip_002_mizuki/stage1/L59/P4/S2", "paired_records": 654}
{"records_completed": 655, "case": "module/uniequip_002_mizuki/stage1/L59/P4/S3", "paired_records": 655}
{"records_completed": 656, "case": "module/uniequip_002_mizuki/stage1/L59/P5/S1", "paired_records": 656}
{"records_completed": 657, "case": "module/uniequip_002_mizuki/stage1/L59/P5/S2", "paired_records": 657}
{"records_completed": 658, "case": "module/uniequip_002_mizuki/stage1/L59/P5/S3", "paired_records": 658}
{"records_completed": 659, "case": "module/uniequip_002_mizuki/stage1/L60/P4/S1", "paired_records": 659}
{"records_completed": 660, "case": "module/uniequip_002_mizuki/stage1/L60/P4/S2", "paired_records": 660}
{"records_completed": 661, "case": "module/uniequip_002_mizuki/stage1/L60/P4/S3", "paired_records": 661}
{"records_completed": 662, "case": "module/uniequip_002_mizuki/stage1/L60/P5/S1", "paired_records": 662}
{"records_completed": 663, "case": "module/uniequip_002_mizuki/stage1/L60/P5/S2", "paired_records": 663}
{"records_completed": 664, "case": "module/uniequip_002_mizuki/stage1/L60/P5/S3", "paired_records": 664}
{"records_completed": 665, "case": "module/uniequip_002_mizuki/stage1/LNone/P4/S1", "paired_records": 665}
{"records_completed": 666, "case": "module/uniequip_002_mizuki/stage1/LNone/P4/S2", "paired_records": 666}
{"records_completed": 667, "case": "module/uniequip_002_mizuki/stage1/LNone/P4/S3", "paired_records": 667}
{"records_completed": 668, "case": "module/uniequip_002_mizuki/stage1/LNone/P5/S1", "paired_records": 668}
{"records_completed": 669, "case": "module/uniequip_002_mizuki/stage1/LNone/P5/S2", "paired_records": 669}
{"records_completed": 670, "case": "module/uniequip_002_mizuki/stage1/LNone/P5/S3", "paired_records": 670}
{"records_completed": 671, "case": "module/uniequip_002_mizuki/stage2/L59/P4/S1", "paired_records": 671}
{"records_completed": 672, "case": "module/uniequip_002_mizuki/stage2/L59/P4/S2", "paired_records": 672}
{"records_completed": 673, "case": "module/uniequip_002_mizuki/stage2/L59/P4/S3", "paired_records": 673}
{"records_completed": 674, "case": "module/uniequip_002_mizuki/stage2/L59/P5/S1", "paired_records": 674}
{"records_completed": 675, "case": "module/uniequip_002_mizuki/stage2/L59/P5/S2", "paired_records": 675}
{"records_completed": 676, "case": "module/uniequip_002_mizuki/stage2/L59/P5/S3", "paired_records": 676}
{"records_completed": 677, "case": "module/uniequip_002_mizuki/stage2/L60/P4/S1", "paired_records": 677}
{"records_completed": 678, "case": "module/uniequip_002_mizuki/stage2/L60/P4/S2", "paired_records": 678}
{"records_completed": 679, "case": "module/uniequip_002_mizuki/stage2/L60/P4/S3", "paired_records": 679}
{"records_completed": 680, "case": "module/uniequip_002_mizuki/stage2/L60/P5/S1", "paired_records": 680}
{"records_completed": 681, "case": "module/uniequip_002_mizuki/stage2/L60/P5/S2", "paired_records": 681}
{"records_completed": 682, "case": "module/uniequip_002_mizuki/stage2/L60/P5/S3", "paired_records": 682}
{"records_completed": 683, "case": "module/uniequip_002_mizuki/stage2/LNone/P4/S1", "paired_records": 683}
{"records_completed": 684, "case": "module/uniequip_002_mizuki/stage2/LNone/P4/S2", "paired_records": 684}
{"records_completed": 685, "case": "module/uniequip_002_mizuki/stage2/LNone/P4/S3", "paired_records": 685}
{"records_completed": 686, "case": "module/uniequip_002_mizuki/stage2/LNone/P5/S1", "paired_records": 686}
{"records_completed": 687, "case": "module/uniequip_002_mizuki/stage2/LNone/P5/S2", "paired_records": 687}
{"records_completed": 688, "case": "module/uniequip_002_mizuki/stage2/LNone/P5/S3", "paired_records": 688}
{"records_completed": 689, "case": "module/uniequip_002_mizuki/stage3/L59/P4/S1", "paired_records": 689}
{"records_completed": 690, "case": "module/uniequip_002_mizuki/stage3/L59/P4/S2", "paired_records": 690}
{"records_completed": 691, "case": "module/uniequip_002_mizuki/stage3/L59/P4/S3", "paired_records": 691}
{"records_completed": 692, "case": "module/uniequip_002_mizuki/stage3/L59/P5/S1", "paired_records": 692}
{"records_completed": 693, "case": "module/uniequip_002_mizuki/stage3/L59/P5/S2", "paired_records": 693}
{"records_completed": 694, "case": "module/uniequip_002_mizuki/stage3/L59/P5/S3", "paired_records": 694}
{"records_completed": 695, "case": "module/uniequip_002_mizuki/stage3/L60/P4/S1", "paired_records": 695}
{"records_completed": 696, "case": "module/uniequip_002_mizuki/stage3/L60/P4/S2", "paired_records": 696}
{"records_completed": 697, "case": "module/uniequip_002_mizuki/stage3/L60/P4/S3", "paired_records": 697}
{"records_completed": 698, "case": "module/uniequip_002_mizuki/stage3/L60/P5/S1", "paired_records": 698}
{"records_completed": 699, "case": "module/uniequip_002_mizuki/stage3/L60/P5/S2", "paired_records": 699}
{"records_completed": 700, "case": "module/uniequip_002_mizuki/stage3/L60/P5/S3", "paired_records": 700}
{"records_completed": 701, "case": "module/uniequip_002_mizuki/stage3/LNone/P4/S1", "paired_records": 701}
{"records_completed": 702, "case": "module/uniequip_002_mizuki/stage3/LNone/P4/S2", "paired_records": 702}
{"records_completed": 703, "case": "module/uniequip_002_mizuki/stage3/LNone/P4/S3", "paired_records": 703}
{"records_completed": 704, "case": "module/uniequip_002_mizuki/stage3/LNone/P5/S1", "paired_records": 704}
{"records_completed": 705, "case": "module/uniequip_002_mizuki/stage3/LNone/P5/S2", "paired_records": 705}
{"records_completed": 706, "case": "module/uniequip_002_mizuki/stage3/LNone/P5/S3", "paired_records": 706}
{"records_completed": 707, "case": "module/uniequip_003_mizuki/stage1/L59/P4/S1", "paired_records": 707}
{"records_completed": 708, "case": "module/uniequip_003_mizuki/stage1/L59/P4/S2", "paired_records": 708}
{"records_completed": 709, "case": "module/uniequip_003_mizuki/stage1/L59/P4/S3", "paired_records": 709}
{"records_completed": 710, "case": "module/uniequip_003_mizuki/stage1/L59/P5/S1", "paired_records": 710}
{"records_completed": 711, "case": "module/uniequip_003_mizuki/stage1/L59/P5/S2", "paired_records": 711}
{"records_completed": 712, "case": "module/uniequip_003_mizuki/stage1/L59/P5/S3", "paired_records": 712}
{"records_completed": 713, "case": "module/uniequip_003_mizuki/stage1/L60/P4/S1", "paired_records": 713}
{"records_completed": 714, "case": "module/uniequip_003_mizuki/stage1/L60/P4/S2", "paired_records": 714}
{"records_completed": 715, "case": "module/uniequip_003_mizuki/stage1/L60/P4/S3", "paired_records": 715}
{"records_completed": 716, "case": "module/uniequip_003_mizuki/stage1/L60/P5/S1", "paired_records": 716}
{"records_completed": 717, "case": "module/uniequip_003_mizuki/stage1/L60/P5/S2", "paired_records": 717}
{"records_completed": 718, "case": "module/uniequip_003_mizuki/stage1/L60/P5/S3", "paired_records": 718}
{"records_completed": 719, "case": "module/uniequip_003_mizuki/stage1/LNone/P4/S1", "paired_records": 719}
{"records_completed": 720, "case": "module/uniequip_003_mizuki/stage1/LNone/P4/S2", "paired_records": 720}
{"records_completed": 721, "case": "module/uniequip_003_mizuki/stage1/LNone/P4/S3", "paired_records": 721}
{"records_completed": 722, "case": "module/uniequip_003_mizuki/stage1/LNone/P5/S1", "paired_records": 722}
{"records_completed": 723, "case": "module/uniequip_003_mizuki/stage1/LNone/P5/S2", "paired_records": 723}
{"records_completed": 724, "case": "module/uniequip_003_mizuki/stage1/LNone/P5/S3", "paired_records": 724}
{"records_completed": 725, "case": "module/uniequip_003_mizuki/stage2/L59/P4/S1", "paired_records": 725}
{"records_completed": 726, "case": "module/uniequip_003_mizuki/stage2/L59/P4/S2", "paired_records": 726}
{"records_completed": 727, "case": "module/uniequip_003_mizuki/stage2/L59/P4/S3", "paired_records": 727}
{"records_completed": 728, "case": "module/uniequip_003_mizuki/stage2/L59/P5/S1", "paired_records": 728}
{"records_completed": 729, "case": "module/uniequip_003_mizuki/stage2/L59/P5/S2", "paired_records": 729}
{"records_completed": 730, "case": "module/uniequip_003_mizuki/stage2/L59/P5/S3", "paired_records": 730}
{"records_completed": 731, "case": "module/uniequip_003_mizuki/stage2/L60/P4/S1", "paired_records": 731}
{"records_completed": 732, "case": "module/uniequip_003_mizuki/stage2/L60/P4/S2", "paired_records": 732}
{"records_completed": 733, "case": "module/uniequip_003_mizuki/stage2/L60/P4/S3", "paired_records": 733}
{"records_completed": 734, "case": "module/uniequip_003_mizuki/stage2/L60/P5/S1", "paired_records": 734}
{"records_completed": 735, "case": "module/uniequip_003_mizuki/stage2/L60/P5/S2", "paired_records": 735}
{"records_completed": 736, "case": "module/uniequip_003_mizuki/stage2/L60/P5/S3", "paired_records": 736}
{"records_completed": 737, "case": "module/uniequip_003_mizuki/stage2/LNone/P4/S1", "paired_records": 737}
{"records_completed": 738, "case": "module/uniequip_003_mizuki/stage2/LNone/P4/S2", "paired_records": 738}
{"records_completed": 739, "case": "module/uniequip_003_mizuki/stage2/LNone/P4/S3", "paired_records": 739}
{"records_completed": 740, "case": "module/uniequip_003_mizuki/stage2/LNone/P5/S1", "paired_records": 740}
{"records_completed": 741, "case": "module/uniequip_003_mizuki/stage2/LNone/P5/S2", "paired_records": 741}
{"records_completed": 742, "case": "module/uniequip_003_mizuki/stage2/LNone/P5/S3", "paired_records": 742}
{"records_completed": 743, "case": "module/uniequip_003_mizuki/stage3/L59/P4/S1", "paired_records": 743}
{"records_completed": 744, "case": "module/uniequip_003_mizuki/stage3/L59/P4/S2", "paired_records": 744}
{"records_completed": 745, "case": "module/uniequip_003_mizuki/stage3/L59/P4/S3", "paired_records": 745}
{"records_completed": 746, "case": "module/uniequip_003_mizuki/stage3/L59/P5/S1", "paired_records": 746}
{"records_completed": 747, "case": "module/uniequip_003_mizuki/stage3/L59/P5/S2", "paired_records": 747}
{"records_completed": 748, "case": "module/uniequip_003_mizuki/stage3/L59/P5/S3", "paired_records": 748}
{"records_completed": 749, "case": "module/uniequip_003_mizuki/stage3/L60/P4/S1", "paired_records": 749}
{"records_completed": 750, "case": "module/uniequip_003_mizuki/stage3/L60/P4/S2", "paired_records": 750}
{"records_completed": 751, "case": "module/uniequip_003_mizuki/stage3/L60/P4/S3", "paired_records": 751}
{"records_completed": 752, "case": "module/uniequip_003_mizuki/stage3/L60/P5/S1", "paired_records": 752}
{"records_completed": 753, "case": "module/uniequip_003_mizuki/stage3/L60/P5/S2", "paired_records": 753}
{"records_completed": 754, "case": "module/uniequip_003_mizuki/stage3/L60/P5/S3", "paired_records": 754}
{"records_completed": 755, "case": "module/uniequip_003_mizuki/stage3/LNone/P4/S1", "paired_records": 755}
{"records_completed": 756, "case": "module/uniequip_003_mizuki/stage3/LNone/P4/S2", "paired_records": 756}
{"records_completed": 757, "case": "module/uniequip_003_mizuki/stage3/LNone/P4/S3", "paired_records": 757}
{"records_completed": 758, "case": "module/uniequip_003_mizuki/stage3/LNone/P5/S1", "paired_records": 758}
{"records_completed": 759, "case": "module/uniequip_003_mizuki/stage3/LNone/P5/S2", "paired_records": 759}
{"records_completed": 760, "case": "module/uniequip_003_mizuki/stage3/LNone/P5/S3", "paired_records": 760}
{"records_completed": 761, "case": "module/uniequip_004_mizuki/stage1/L59/P4/S1", "paired_records": 761}
{"records_completed": 762, "case": "module/uniequip_004_mizuki/stage1/L59/P4/S2", "paired_records": 762}
{"records_completed": 763, "case": "module/uniequip_004_mizuki/stage1/L59/P4/S3", "paired_records": 763}
{"records_completed": 764, "case": "module/uniequip_004_mizuki/stage1/L59/P5/S1", "paired_records": 764}
{"records_completed": 765, "case": "module/uniequip_004_mizuki/stage1/L59/P5/S2", "paired_records": 765}
{"records_completed": 766, "case": "module/uniequip_004_mizuki/stage1/L59/P5/S3", "paired_records": 766}
{"records_completed": 767, "case": "module/uniequip_004_mizuki/stage1/L60/P4/S1", "paired_records": 767}
{"records_completed": 768, "case": "module/uniequip_004_mizuki/stage1/L60/P4/S2", "paired_records": 768}
{"records_completed": 769, "case": "module/uniequip_004_mizuki/stage1/L60/P4/S3", "paired_records": 769}
{"records_completed": 770, "case": "module/uniequip_004_mizuki/stage1/L60/P5/S1", "paired_records": 770}
{"records_completed": 771, "case": "module/uniequip_004_mizuki/stage1/L60/P5/S2", "paired_records": 771}
{"records_completed": 772, "case": "module/uniequip_004_mizuki/stage1/L60/P5/S3", "paired_records": 772}
{"records_completed": 773, "case": "module/uniequip_004_mizuki/stage1/LNone/P4/S1", "paired_records": 773}
{"records_completed": 774, "case": "module/uniequip_004_mizuki/stage1/LNone/P4/S2", "paired_records": 774}
{"records_completed": 775, "case": "module/uniequip_004_mizuki/stage1/LNone/P4/S3", "paired_records": 775}
{"records_completed": 776, "case": "module/uniequip_004_mizuki/stage1/LNone/P5/S1", "paired_records": 776}
{"records_completed": 777, "case": "module/uniequip_004_mizuki/stage1/LNone/P5/S2", "paired_records": 777}
{"records_completed": 778, "case": "module/uniequip_004_mizuki/stage1/LNone/P5/S3", "paired_records": 778}
{"records_completed": 779, "case": "module/uniequip_004_mizuki/stage2/L59/P4/S1", "paired_records": 779}
{"records_completed": 780, "case": "module/uniequip_004_mizuki/stage2/L59/P4/S2", "paired_records": 780}
{"records_completed": 781, "case": "module/uniequip_004_mizuki/stage2/L59/P4/S3", "paired_records": 781}
{"records_completed": 782, "case": "module/uniequip_004_mizuki/stage2/L59/P5/S1", "paired_records": 782}
{"records_completed": 783, "case": "module/uniequip_004_mizuki/stage2/L59/P5/S2", "paired_records": 783}
{"records_completed": 784, "case": "module/uniequip_004_mizuki/stage2/L59/P5/S3", "paired_records": 784}
{"records_completed": 785, "case": "module/uniequip_004_mizuki/stage2/L60/P4/S1", "paired_records": 785}
{"records_completed": 786, "case": "module/uniequip_004_mizuki/stage2/L60/P4/S2", "paired_records": 786}
{"records_completed": 787, "case": "module/uniequip_004_mizuki/stage2/L60/P4/S3", "paired_records": 787}
{"records_completed": 788, "case": "module/uniequip_004_mizuki/stage2/L60/P5/S1", "paired_records": 788}
{"records_completed": 789, "case": "module/uniequip_004_mizuki/stage2/L60/P5/S2", "paired_records": 789}
{"records_completed": 790, "case": "module/uniequip_004_mizuki/stage2/L60/P5/S3", "paired_records": 790}
{"records_completed": 791, "case": "module/uniequip_004_mizuki/stage2/LNone/P4/S1", "paired_records": 791}
{"records_completed": 792, "case": "module/uniequip_004_mizuki/stage2/LNone/P4/S2", "paired_records": 792}
{"records_completed": 793, "case": "module/uniequip_004_mizuki/stage2/LNone/P4/S3", "paired_records": 793}
{"records_completed": 794, "case": "module/uniequip_004_mizuki/stage2/LNone/P5/S1", "paired_records": 794}
{"records_completed": 795, "case": "module/uniequip_004_mizuki/stage2/LNone/P5/S2", "paired_records": 795}
{"records_completed": 796, "case": "module/uniequip_004_mizuki/stage2/LNone/P5/S3", "paired_records": 796}
{"records_completed": 797, "case": "module/uniequip_004_mizuki/stage3/L59/P4/S1", "paired_records": 797}
{"records_completed": 798, "case": "module/uniequip_004_mizuki/stage3/L59/P4/S2", "paired_records": 798}
{"records_completed": 799, "case": "module/uniequip_004_mizuki/stage3/L59/P4/S3", "paired_records": 799}
{"records_completed": 800, "case": "module/uniequip_004_mizuki/stage3/L59/P5/S1", "paired_records": 800}
{"records_completed": 801, "case": "module/uniequip_004_mizuki/stage3/L59/P5/S2", "paired_records": 801}
{"records_completed": 802, "case": "module/uniequip_004_mizuki/stage3/L59/P5/S3", "paired_records": 802}
{"records_completed": 803, "case": "module/uniequip_004_mizuki/stage3/L60/P4/S1", "paired_records": 803}
{"records_completed": 804, "case": "module/uniequip_004_mizuki/stage3/L60/P4/S2", "paired_records": 804}
{"records_completed": 805, "case": "module/uniequip_004_mizuki/stage3/L60/P4/S3", "paired_records": 805}
{"records_completed": 806, "case": "module/uniequip_004_mizuki/stage3/L60/P5/S1", "paired_records": 806}
{"records_completed": 807, "case": "module/uniequip_004_mizuki/stage3/L60/P5/S2", "paired_records": 807}
{"records_completed": 808, "case": "module/uniequip_004_mizuki/stage3/L60/P5/S3", "paired_records": 808}
{"records_completed": 809, "case": "module/uniequip_004_mizuki/stage3/LNone/P4/S1", "paired_records": 809}
{"records_completed": 810, "case": "module/uniequip_004_mizuki/stage3/LNone/P4/S2", "paired_records": 810}
{"records_completed": 811, "case": "module/uniequip_004_mizuki/stage3/LNone/P4/S3", "paired_records": 811}
{"records_completed": 812, "case": "module/uniequip_004_mizuki/stage3/LNone/P5/S1", "paired_records": 812}
{"records_completed": 813, "case": "module/uniequip_004_mizuki/stage3/LNone/P5/S2", "paired_records": 813}
{"records_completed": 814, "case": "module/uniequip_004_mizuki/stage3/LNone/P5/S3", "paired_records": 814}
{"records_completed": 815, "case": "module/uniequip_002_hsgma2/stage1/L59/P4/S1", "paired_records": 815}
{"records_completed": 816, "case": "module/uniequip_002_hsgma2/stage1/L59/P4/S2", "paired_records": 816}
{"records_completed": 817, "case": "module/uniequip_002_hsgma2/stage1/L59/P4/S3", "paired_records": 817}
{"records_completed": 818, "case": "module/uniequip_002_hsgma2/stage1/L59/P5/S1", "paired_records": 818}
{"records_completed": 819, "case": "module/uniequip_002_hsgma2/stage1/L59/P5/S2", "paired_records": 819}
{"records_completed": 820, "case": "module/uniequip_002_hsgma2/stage1/L59/P5/S3", "paired_records": 820}
{"records_completed": 821, "case": "module/uniequip_002_hsgma2/stage1/L60/P4/S1", "paired_records": 821}
{"records_completed": 822, "case": "module/uniequip_002_hsgma2/stage1/L60/P4/S2", "paired_records": 822}
{"records_completed": 823, "case": "module/uniequip_002_hsgma2/stage1/L60/P4/S3", "paired_records": 823}
{"records_completed": 824, "case": "module/uniequip_002_hsgma2/stage1/L60/P5/S1", "paired_records": 824}
{"records_completed": 825, "case": "module/uniequip_002_hsgma2/stage1/L60/P5/S2", "paired_records": 825}
{"records_completed": 826, "case": "module/uniequip_002_hsgma2/stage1/L60/P5/S3", "paired_records": 826}
{"records_completed": 827, "case": "module/uniequip_002_hsgma2/stage1/LNone/P4/S1", "paired_records": 827}
{"records_completed": 828, "case": "module/uniequip_002_hsgma2/stage1/LNone/P4/S2", "paired_records": 828}
{"records_completed": 829, "case": "module/uniequip_002_hsgma2/stage1/LNone/P4/S3", "paired_records": 829}
{"records_completed": 830, "case": "module/uniequip_002_hsgma2/stage1/LNone/P5/S1", "paired_records": 830}
{"records_completed": 831, "case": "module/uniequip_002_hsgma2/stage1/LNone/P5/S2", "paired_records": 831}
{"records_completed": 832, "case": "module/uniequip_002_hsgma2/stage1/LNone/P5/S3", "paired_records": 832}
{"records_completed": 833, "case": "module/uniequip_002_hsgma2/stage2/L59/P4/S1", "paired_records": 833}
{"records_completed": 834, "case": "module/uniequip_002_hsgma2/stage2/L59/P4/S2", "paired_records": 834}
{"records_completed": 835, "case": "module/uniequip_002_hsgma2/stage2/L59/P4/S3", "paired_records": 835}
{"records_completed": 836, "case": "module/uniequip_002_hsgma2/stage2/L59/P5/S1", "paired_records": 836}
{"records_completed": 837, "case": "module/uniequip_002_hsgma2/stage2/L59/P5/S2", "paired_records": 837}
{"records_completed": 838, "case": "module/uniequip_002_hsgma2/stage2/L59/P5/S3", "paired_records": 838}
{"records_completed": 839, "case": "module/uniequip_002_hsgma2/stage2/L60/P4/S1", "paired_records": 839}
{"records_completed": 840, "case": "module/uniequip_002_hsgma2/stage2/L60/P4/S2", "paired_records": 840}
{"records_completed": 841, "case": "module/uniequip_002_hsgma2/stage2/L60/P4/S3", "paired_records": 841}
{"records_completed": 842, "case": "module/uniequip_002_hsgma2/stage2/L60/P5/S1", "paired_records": 842}
{"records_completed": 843, "case": "module/uniequip_002_hsgma2/stage2/L60/P5/S2", "paired_records": 843}
{"records_completed": 844, "case": "module/uniequip_002_hsgma2/stage2/L60/P5/S3", "paired_records": 844}
{"records_completed": 845, "case": "module/uniequip_002_hsgma2/stage2/LNone/P4/S1", "paired_records": 845}
{"records_completed": 846, "case": "module/uniequip_002_hsgma2/stage2/LNone/P4/S2", "paired_records": 846}
{"records_completed": 847, "case": "module/uniequip_002_hsgma2/stage2/LNone/P4/S3", "paired_records": 847}
{"records_completed": 848, "case": "module/uniequip_002_hsgma2/stage2/LNone/P5/S1", "paired_records": 848}
{"records_completed": 849, "case": "module/uniequip_002_hsgma2/stage2/LNone/P5/S2", "paired_records": 849}
{"records_completed": 850, "case": "module/uniequip_002_hsgma2/stage2/LNone/P5/S3", "paired_records": 850}
{"records_completed": 851, "case": "module/uniequip_002_hsgma2/stage3/L59/P4/S1", "paired_records": 851}
{"records_completed": 852, "case": "module/uniequip_002_hsgma2/stage3/L59/P4/S2", "paired_records": 852}
{"records_completed": 853, "case": "module/uniequip_002_hsgma2/stage3/L59/P4/S3", "paired_records": 853}
{"records_completed": 854, "case": "module/uniequip_002_hsgma2/stage3/L59/P5/S1", "paired_records": 854}
{"records_completed": 855, "case": "module/uniequip_002_hsgma2/stage3/L59/P5/S2", "paired_records": 855}
{"records_completed": 856, "case": "module/uniequip_002_hsgma2/stage3/L59/P5/S3", "paired_records": 856}
{"records_completed": 857, "case": "module/uniequip_002_hsgma2/stage3/L60/P4/S1", "paired_records": 857}
{"records_completed": 858, "case": "module/uniequip_002_hsgma2/stage3/L60/P4/S2", "paired_records": 858}
{"records_completed": 859, "case": "module/uniequip_002_hsgma2/stage3/L60/P4/S3", "paired_records": 859}
{"records_completed": 860, "case": "module/uniequip_002_hsgma2/stage3/L60/P5/S1", "paired_records": 860}
{"records_completed": 861, "case": "module/uniequip_002_hsgma2/stage3/L60/P5/S2", "paired_records": 861}
{"records_completed": 862, "case": "module/uniequip_002_hsgma2/stage3/L60/P5/S3", "paired_records": 862}
{"records_completed": 863, "case": "module/uniequip_002_hsgma2/stage3/LNone/P4/S1", "paired_records": 863}
{"records_completed": 864, "case": "module/uniequip_002_hsgma2/stage3/LNone/P4/S2", "paired_records": 864}
{"records_completed": 865, "case": "module/uniequip_002_hsgma2/stage3/LNone/P4/S3", "paired_records": 865}
{"records_completed": 866, "case": "module/uniequip_002_hsgma2/stage3/LNone/P5/S1", "paired_records": 866}
{"records_completed": 867, "case": "module/uniequip_002_hsgma2/stage3/LNone/P5/S2", "paired_records": 867}
{"records_completed": 868, "case": "module/uniequip_002_hsgma2/stage3/LNone/P5/S3", "paired_records": 868}
{"records_completed": 869, "case": "field/three_professions/S1/valid0", "paired_records": 869}
{"records_completed": 870, "case": "field/three_professions/S1/valid1", "paired_records": 870}
{"records_completed": 871, "case": "field/three_professions/S1/observed-boundary0", "paired_records": 871}
{"records_completed": 872, "case": "field/three_professions/S1/observed-boundary1", "paired_records": 872}
{"records_completed": 873, "case": "field/three_professions/S1/observed-boundary2", "paired_records": 873}
{"records_completed": 874, "case": "field/three_professions/S1/observed-boundary3", "paired_records": 874}
{"records_completed": 875, "case": "field/three_professions/S2/valid0", "paired_records": 875}
{"records_completed": 876, "case": "field/three_professions/S2/valid1", "paired_records": 876}
{"records_completed": 877, "case": "field/three_professions/S2/observed-boundary0", "paired_records": 877}
{"records_completed": 878, "case": "field/three_professions/S2/observed-boundary1", "paired_records": 878}
{"records_completed": 879, "case": "field/three_professions/S2/observed-boundary2", "paired_records": 879}
{"records_completed": 880, "case": "field/three_professions/S2/observed-boundary3", "paired_records": 880}
{"records_completed": 881, "case": "field/three_professions/S3/valid0", "paired_records": 881}
{"records_completed": 882, "case": "field/three_professions/S3/valid1", "paired_records": 882}
{"records_completed": 883, "case": "field/three_professions/S3/observed-boundary0", "paired_records": 883}
{"records_completed": 884, "case": "field/three_professions/S3/observed-boundary1", "paired_records": 884}
{"records_completed": 885, "case": "field/three_professions/S3/observed-boundary2", "paired_records": 885}
{"records_completed": 886, "case": "field/three_professions/S3/observed-boundary3", "paired_records": 886}
{"records_completed": 887, "case": "field/three_same_profession/S1/valid0", "paired_records": 887}
{"records_completed": 888, "case": "field/three_same_profession/S1/valid1", "paired_records": 888}
{"records_completed": 889, "case": "field/three_same_profession/S1/observed-boundary0", "paired_records": 889}
{"records_completed": 890, "case": "field/three_same_profession/S1/observed-boundary1", "paired_records": 890}
{"records_completed": 891, "case": "field/three_same_profession/S1/observed-boundary2", "paired_records": 891}
{"records_completed": 892, "case": "field/three_same_profession/S1/observed-boundary3", "paired_records": 892}
{"records_completed": 893, "case": "field/three_same_profession/S2/valid0", "paired_records": 893}
{"records_completed": 894, "case": "field/three_same_profession/S2/valid1", "paired_records": 894}
{"records_completed": 895, "case": "field/three_same_profession/S2/observed-boundary0", "paired_records": 895}
{"records_completed": 896, "case": "field/three_same_profession/S2/observed-boundary1", "paired_records": 896}
{"records_completed": 897, "case": "field/three_same_profession/S2/observed-boundary2", "paired_records": 897}
{"records_completed": 898, "case": "field/three_same_profession/S2/observed-boundary3", "paired_records": 898}
{"records_completed": 899, "case": "field/three_same_profession/S3/valid0", "paired_records": 899}
{"records_completed": 900, "case": "field/three_same_profession/S3/valid1", "paired_records": 900}
{"records_completed": 901, "case": "field/three_same_profession/S3/observed-boundary0", "paired_records": 901}
{"records_completed": 902, "case": "field/three_same_profession/S3/observed-boundary1", "paired_records": 902}
{"records_completed": 903, "case": "field/three_same_profession/S3/observed-boundary2", "paired_records": 903}
{"records_completed": 904, "case": "field/three_same_profession/S3/observed-boundary3", "paired_records": 904}
{"records_completed": 905, "case": "field/four_sui/S1/valid0", "paired_records": 905}
{"records_completed": 906, "case": "field/four_sui/S1/valid1", "paired_records": 906}
{"records_completed": 907, "case": "field/four_sui/S1/observed-boundary0", "paired_records": 907}
{"records_completed": 908, "case": "field/four_sui/S1/observed-boundary1", "paired_records": 908}
{"records_completed": 909, "case": "field/four_sui/S1/observed-boundary2", "paired_records": 909}
{"records_completed": 910, "case": "field/four_sui/S1/observed-boundary3", "paired_records": 910}
{"records_completed": 911, "case": "field/four_sui/S2/valid0", "paired_records": 911}
{"records_completed": 912, "case": "field/four_sui/S2/valid1", "paired_records": 912}
{"records_completed": 913, "case": "field/four_sui/S2/observed-boundary0", "paired_records": 913}
{"records_completed": 914, "case": "field/four_sui/S2/observed-boundary1", "paired_records": 914}
{"records_completed": 915, "case": "field/four_sui/S2/observed-boundary2", "paired_records": 915}
{"records_completed": 916, "case": "field/four_sui/S2/observed-boundary3", "paired_records": 916}
{"records_completed": 917, "case": "field/four_sui/S3/valid0", "paired_records": 917}
{"records_completed": 918, "case": "field/four_sui/S3/valid1", "paired_records": 918}
{"records_completed": 919, "case": "field/four_sui/S3/observed-boundary0", "paired_records": 919}
{"records_completed": 920, "case": "field/four_sui/S3/observed-boundary1", "paired_records": 920}
{"records_completed": 921, "case": "field/four_sui/S3/observed-boundary2", "paired_records": 921}
{"records_completed": 922, "case": "field/four_sui/S3/observed-boundary3", "paired_records": 922}
{"records_completed": 923, "case": "field/low_cost_healing_target/S1/valid0", "paired_records": 923}
{"records_completed": 924, "case": "field/low_cost_healing_target/S1/valid1", "paired_records": 924}
{"records_completed": 925, "case": "field/low_cost_healing_target/S1/observed-boundary0", "paired_records": 925}
{"records_completed": 926, "case": "field/low_cost_healing_target/S1/observed-boundary1", "paired_records": 926}
{"records_completed": 927, "case": "field/low_cost_healing_target/S1/observed-boundary2", "paired_records": 927}
{"records_completed": 928, "case": "field/low_cost_healing_target/S1/observed-boundary3", "paired_records": 928}
{"records_completed": 929, "case": "field/low_cost_healing_target/S2/valid0", "paired_records": 929}
{"records_completed": 930, "case": "field/low_cost_healing_target/S2/valid1", "paired_records": 930}
{"records_completed": 931, "case": "field/low_cost_healing_target/S2/observed-boundary0", "paired_records": 931}
{"records_completed": 932, "case": "field/low_cost_healing_target/S2/observed-boundary1", "paired_records": 932}
{"records_completed": 933, "case": "field/low_cost_healing_target/S2/observed-boundary2", "paired_records": 933}
{"records_completed": 934, "case": "field/low_cost_healing_target/S2/observed-boundary3", "paired_records": 934}
{"records_completed": 935, "case": "field/power_coating/S1/valid0", "paired_records": 935}
{"records_completed": 936, "case": "field/power_coating/S1/valid1", "paired_records": 936}
{"records_completed": 937, "case": "field/power_coating/S1/observed-boundary0", "paired_records": 937}
{"records_completed": 938, "case": "field/power_coating/S1/observed-boundary1", "paired_records": 938}
{"records_completed": 939, "case": "field/power_coating/S1/observed-boundary2", "paired_records": 939}
{"records_completed": 940, "case": "field/power_coating/S1/observed-boundary3", "paired_records": 940}
{"records_completed": 941, "case": "field/power_coating/S2/valid0", "paired_records": 941}
{"records_completed": 942, "case": "field/power_coating/S2/valid1", "paired_records": 942}
{"records_completed": 943, "case": "field/power_coating/S2/observed-boundary0", "paired_records": 943}
{"records_completed": 944, "case": "field/power_coating/S2/observed-boundary1", "paired_records": 944}
{"records_completed": 945, "case": "field/power_coating/S2/observed-boundary2", "paired_records": 945}
{"records_completed": 946, "case": "field/power_coating/S2/observed-boundary3", "paired_records": 946}
{"records_completed": 947, "case": "field/power_coating/S3/valid0", "paired_records": 947}
{"records_completed": 948, "case": "field/power_coating/S3/valid1", "paired_records": 948}
{"records_completed": 949, "case": "field/power_coating/S3/observed-boundary0", "paired_records": 949}
{"records_completed": 950, "case": "field/power_coating/S3/observed-boundary1", "paired_records": 950}
{"records_completed": 951, "case": "field/power_coating/S3/observed-boundary2", "paired_records": 951}
{"records_completed": 952, "case": "field/power_coating/S3/observed-boundary3", "paired_records": 952}
{"records_completed": 953, "case": "field/near_previous_deployment/S1/valid0", "paired_records": 953}
{"records_completed": 954, "case": "field/near_previous_deployment/S1/valid1", "paired_records": 954}
{"records_completed": 955, "case": "field/near_previous_deployment/S1/observed-boundary0", "paired_records": 955}
{"records_completed": 956, "case": "field/near_previous_deployment/S1/observed-boundary1", "paired_records": 956}
{"records_completed": 957, "case": "field/near_previous_deployment/S1/observed-boundary2", "paired_records": 957}
{"records_completed": 958, "case": "field/near_previous_deployment/S1/observed-boundary3", "paired_records": 958}
{"records_completed": 959, "case": "field/near_previous_deployment/S2/valid0", "paired_records": 959}
{"records_completed": 960, "case": "field/near_previous_deployment/S2/valid1", "paired_records": 960}
{"records_completed": 961, "case": "field/near_previous_deployment/S2/observed-boundary0", "paired_records": 961}
{"records_completed": 962, "case": "field/near_previous_deployment/S2/observed-boundary1", "paired_records": 962}
{"records_completed": 963, "case": "field/near_previous_deployment/S2/observed-boundary2", "paired_records": 963}
{"records_completed": 964, "case": "field/near_previous_deployment/S2/observed-boundary3", "paired_records": 964}
{"records_completed": 965, "case": "field/near_previous_deployment/S3/valid0", "paired_records": 965}
{"records_completed": 966, "case": "field/near_previous_deployment/S3/valid1", "paired_records": 966}
{"records_completed": 967, "case": "field/near_previous_deployment/S3/observed-boundary0", "paired_records": 967}
{"records_completed": 968, "case": "field/near_previous_deployment/S3/observed-boundary1", "paired_records": 968}
{"records_completed": 969, "case": "field/near_previous_deployment/S3/observed-boundary2", "paired_records": 969}
{"records_completed": 970, "case": "field/near_previous_deployment/S3/observed-boundary3", "paired_records": 970}
{"records_completed": 971, "case": "field/stolen_enemy_count/S1/valid0", "paired_records": 971}
{"records_completed": 972, "case": "field/stolen_enemy_count/S1/valid1", "paired_records": 972}
{"records_completed": 973, "case": "field/stolen_enemy_count/S1/valid2", "paired_records": 973}
{"records_completed": 974, "case": "field/stolen_enemy_count/S1/observed-boundary0", "paired_records": 974}
{"records_completed": 975, "case": "field/stolen_enemy_count/S1/observed-boundary1", "paired_records": 975}
{"records_completed": 976, "case": "field/stolen_enemy_count/S1/observed-boundary2", "paired_records": 976}
{"records_completed": 977, "case": "field/stolen_enemy_count/S1/observed-boundary3", "paired_records": 977}
{"records_completed": 978, "case": "field/stolen_enemy_count/S1/observed-boundary4", "paired_records": 978}
{"records_completed": 979, "case": "field/stolen_enemy_count/S1/observed-boundary5", "paired_records": 979}
{"records_completed": 980, "case": "field/stolen_enemy_count/S2/valid0", "paired_records": 980}
{"records_completed": 981, "case": "field/stolen_enemy_count/S2/valid1", "paired_records": 981}
{"records_completed": 982, "case": "field/stolen_enemy_count/S2/valid2", "paired_records": 982}
{"records_completed": 983, "case": "field/stolen_enemy_count/S2/observed-boundary0", "paired_records": 983}
{"records_completed": 984, "case": "field/stolen_enemy_count/S2/observed-boundary1", "paired_records": 984}
{"records_completed": 985, "case": "field/stolen_enemy_count/S2/observed-boundary2", "paired_records": 985}
{"records_completed": 986, "case": "field/stolen_enemy_count/S2/observed-boundary3", "paired_records": 986}
{"records_completed": 987, "case": "field/stolen_enemy_count/S2/observed-boundary4", "paired_records": 987}
{"records_completed": 988, "case": "field/stolen_enemy_count/S2/observed-boundary5", "paired_records": 988}
{"records_completed": 989, "case": "field/stolen_enemy_count/S3/valid0", "paired_records": 989}
{"records_completed": 990, "case": "field/stolen_enemy_count/S3/valid1", "paired_records": 990}
{"records_completed": 991, "case": "field/stolen_enemy_count/S3/valid2", "paired_records": 991}
{"records_completed": 992, "case": "field/stolen_enemy_count/S3/observed-boundary0", "paired_records": 992}
{"records_completed": 993, "case": "field/stolen_enemy_count/S3/observed-boundary1", "paired_records": 993}
{"records_completed": 994, "case": "field/stolen_enemy_count/S3/observed-boundary2", "paired_records": 994}
{"records_completed": 995, "case": "field/stolen_enemy_count/S3/observed-boundary3", "paired_records": 995}
{"records_completed": 996, "case": "field/stolen_enemy_count/S3/observed-boundary4", "paired_records": 996}
{"records_completed": 997, "case": "field/stolen_enemy_count/S3/observed-boundary5", "paired_records": 997}
{"records_completed": 998, "case": "field/enemy_below_half/S1/valid0", "paired_records": 998}
{"records_completed": 999, "case": "field/enemy_below_half/S1/valid1", "paired_records": 999}
{"records_completed": 1000, "case": "field/enemy_below_half/S1/observed-boundary0", "paired_records": 1000}
{"records_completed": 1001, "case": "field/enemy_below_half/S1/observed-boundary1", "paired_records": 1001}
{"records_completed": 1002, "case": "field/enemy_below_half/S1/observed-boundary2", "paired_records": 1002}
{"records_completed": 1003, "case": "field/enemy_below_half/S1/observed-boundary3", "paired_records": 1003}
{"records_completed": 1004, "case": "field/enemy_below_half/S2/valid0", "paired_records": 1004}
{"records_completed": 1005, "case": "field/enemy_below_half/S2/valid1", "paired_records": 1005}
{"records_completed": 1006, "case": "field/enemy_below_half/S2/observed-boundary0", "paired_records": 1006}
{"records_completed": 1007, "case": "field/enemy_below_half/S2/observed-boundary1", "paired_records": 1007}
{"records_completed": 1008, "case": "field/enemy_below_half/S2/observed-boundary2", "paired_records": 1008}
{"records_completed": 1009, "case": "field/enemy_below_half/S2/observed-boundary3", "paired_records": 1009}
{"records_completed": 1010, "case": "field/enemy_below_half/S3/valid0", "paired_records": 1010}
{"records_completed": 1011, "case": "field/enemy_below_half/S3/valid1", "paired_records": 1011}
{"records_completed": 1012, "case": "field/enemy_below_half/S3/observed-boundary0", "paired_records": 1012}
{"records_completed": 1013, "case": "field/enemy_below_half/S3/observed-boundary1", "paired_records": 1013}
{"records_completed": 1014, "case": "field/enemy_below_half/S3/observed-boundary2", "paired_records": 1014}
{"records_completed": 1015, "case": "field/enemy_below_half/S3/observed-boundary3", "paired_records": 1015}
{"records_completed": 1016, "case": "field/current_hp_ratio/S1/valid0", "paired_records": 1016}
{"records_completed": 1017, "case": "field/current_hp_ratio/S1/valid1", "paired_records": 1017}
{"records_completed": 1018, "case": "field/current_hp_ratio/S1/valid2", "paired_records": 1018}
{"records_completed": 1019, "case": "field/current_hp_ratio/S1/valid3", "paired_records": 1019}
{"records_completed": 1020, "case": "field/current_hp_ratio/S1/observed-boundary0", "paired_records": 1020}
{"records_completed": 1021, "case": "field/current_hp_ratio/S1/observed-boundary1", "paired_records": 1021}
{"records_completed": 1022, "case": "field/current_hp_ratio/S1/observed-boundary2", "paired_records": 1022}
{"records_completed": 1023, "case": "field/current_hp_ratio/S1/observed-boundary3", "paired_records": 1023}
{"records_completed": 1024, "case": "field/current_hp_ratio/S1/observed-boundary4", "paired_records": 1024}
{"records_completed": 1025, "case": "field/current_hp_ratio/S2/valid0", "paired_records": 1025}
{"records_completed": 1026, "case": "field/current_hp_ratio/S2/valid1", "paired_records": 1026}
{"records_completed": 1027, "case": "field/current_hp_ratio/S2/valid2", "paired_records": 1027}
{"records_completed": 1028, "case": "field/current_hp_ratio/S2/valid3", "paired_records": 1028}
{"records_completed": 1029, "case": "field/current_hp_ratio/S2/observed-boundary0", "paired_records": 1029}
{"records_completed": 1030, "case": "field/current_hp_ratio/S2/observed-boundary1", "paired_records": 1030}
{"records_completed": 1031, "case": "field/current_hp_ratio/S2/observed-boundary2", "paired_records": 1031}
{"records_completed": 1032, "case": "field/current_hp_ratio/S2/observed-boundary3", "paired_records": 1032}
{"records_completed": 1033, "case": "field/current_hp_ratio/S2/observed-boundary4", "paired_records": 1033}
{"records_completed": 1034, "case": "field/current_hp_ratio/S3/valid0", "paired_records": 1034}
{"records_completed": 1035, "case": "field/current_hp_ratio/S3/valid1", "paired_records": 1035}
{"records_completed": 1036, "case": "field/current_hp_ratio/S3/valid2", "paired_records": 1036}
{"records_completed": 1037, "case": "field/current_hp_ratio/S3/valid3", "paired_records": 1037}
{"records_completed": 1038, "case": "field/current_hp_ratio/S3/observed-boundary0", "paired_records": 1038}
{"records_completed": 1039, "case": "field/current_hp_ratio/S3/observed-boundary1", "paired_records": 1039}
{"records_completed": 1040, "case": "field/current_hp_ratio/S3/observed-boundary2", "paired_records": 1040}
{"records_completed": 1041, "case": "field/current_hp_ratio/S3/observed-boundary3", "paired_records": 1041}
{"records_completed": 1042, "case": "field/current_hp_ratio/S3/observed-boundary4", "paired_records": 1042}
{"records_completed": 1043, "case": "error/char_2025_shu/module0", "paired_records": 1043}
{"records_completed": 1044, "case": "error/char_2025_shu/module1", "paired_records": 1044}
{"records_completed": 1045, "case": "error/char_2025_shu/module2", "paired_records": 1045}
{"records_completed": 1046, "case": "error/char_2025_shu/module3", "paired_records": 1046}
{"records_completed": 1047, "case": "error/char_2025_shu/module4", "paired_records": 1047}
{"records_completed": 1048, "case": "error/char_2025_shu/module5", "paired_records": 1048}
{"records_completed": 1049, "case": "error/char_2025_shu/precedence0", "paired_records": 1049}
{"records_completed": 1050, "case": "error/char_2025_shu/precedence1", "paired_records": 1050}
{"records_completed": 1051, "case": "error/char_2025_shu/precedence2", "paired_records": 1051}
{"records_completed": 1052, "case": "error/char_2025_shu/precedence3", "paired_records": 1052}
{"records_completed": 1053, "case": "error/char_2025_shu/precedence4", "paired_records": 1053}
{"records_completed": 1054, "case": "error/char_2025_shu/precedence5", "paired_records": 1054}
{"records_completed": 1055, "case": "error/char_2025_shu/precedence6", "paired_records": 1055}
{"records_completed": 1056, "case": "error/char_2025_shu/precedence7", "paired_records": 1056}
{"records_completed": 1057, "case": "error/char_2025_shu/precedence8", "paired_records": 1057}
{"records_completed": 1058, "case": "error/char_298_susuro/module0", "paired_records": 1058}
{"records_completed": 1059, "case": "error/char_298_susuro/module1", "paired_records": 1059}
{"records_completed": 1060, "case": "error/char_298_susuro/module2", "paired_records": 1060}
{"records_completed": 1061, "case": "error/char_298_susuro/module3", "paired_records": 1061}
{"records_completed": 1062, "case": "error/char_298_susuro/module4", "paired_records": 1062}
{"records_completed": 1063, "case": "error/char_298_susuro/module5", "paired_records": 1063}
{"records_completed": 1064, "case": "error/char_298_susuro/precedence0", "paired_records": 1064}
{"records_completed": 1065, "case": "error/char_298_susuro/precedence1", "paired_records": 1065}
{"records_completed": 1066, "case": "error/char_298_susuro/precedence2", "paired_records": 1066}
{"records_completed": 1067, "case": "error/char_298_susuro/precedence3", "paired_records": 1067}
{"records_completed": 1068, "case": "error/char_298_susuro/precedence4", "paired_records": 1068}
{"records_completed": 1069, "case": "error/char_298_susuro/precedence5", "paired_records": 1069}
{"records_completed": 1070, "case": "error/char_298_susuro/precedence6", "paired_records": 1070}
{"records_completed": 1071, "case": "error/char_298_susuro/precedence7", "paired_records": 1071}
{"records_completed": 1072, "case": "error/char_298_susuro/precedence8", "paired_records": 1072}
{"records_completed": 1073, "case": "error/char_1048_orchd2/module0", "paired_records": 1073}
{"records_completed": 1074, "case": "error/char_1048_orchd2/module1", "paired_records": 1074}
{"records_completed": 1075, "case": "error/char_1048_orchd2/module2", "paired_records": 1075}
{"records_completed": 1076, "case": "error/char_1048_orchd2/module3", "paired_records": 1076}
{"records_completed": 1077, "case": "error/char_1048_orchd2/module4", "paired_records": 1077}
{"records_completed": 1078, "case": "error/char_1048_orchd2/module5", "paired_records": 1078}
{"records_completed": 1079, "case": "error/char_1048_orchd2/precedence0", "paired_records": 1079}
{"records_completed": 1080, "case": "error/char_1048_orchd2/precedence1", "paired_records": 1080}
{"records_completed": 1081, "case": "error/char_1048_orchd2/precedence2", "paired_records": 1081}
{"records_completed": 1082, "case": "error/char_1048_orchd2/precedence3", "paired_records": 1082}
{"records_completed": 1083, "case": "error/char_1048_orchd2/precedence4", "paired_records": 1083}
{"records_completed": 1084, "case": "error/char_1048_orchd2/precedence5", "paired_records": 1084}
{"records_completed": 1085, "case": "error/char_1048_orchd2/precedence6", "paired_records": 1085}
{"records_completed": 1086, "case": "error/char_1048_orchd2/precedence7", "paired_records": 1086}
{"records_completed": 1087, "case": "error/char_1048_orchd2/precedence8", "paired_records": 1087}
{"records_completed": 1088, "case": "error/char_4087_ines/module0", "paired_records": 1088}
{"records_completed": 1089, "case": "error/char_4087_ines/module1", "paired_records": 1089}
{"records_completed": 1090, "case": "error/char_4087_ines/module2", "paired_records": 1090}
{"records_completed": 1091, "case": "error/char_4087_ines/module3", "paired_records": 1091}
{"records_completed": 1092, "case": "error/char_4087_ines/module4", "paired_records": 1092}
{"records_completed": 1093, "case": "error/char_4087_ines/module5", "paired_records": 1093}
{"records_completed": 1094, "case": "error/char_4087_ines/precedence0", "paired_records": 1094}
{"records_completed": 1095, "case": "error/char_4087_ines/precedence1", "paired_records": 1095}
{"records_completed": 1096, "case": "error/char_4087_ines/precedence2", "paired_records": 1096}
{"records_completed": 1097, "case": "error/char_4087_ines/precedence3", "paired_records": 1097}
{"records_completed": 1098, "case": "error/char_4087_ines/precedence4", "paired_records": 1098}
{"records_completed": 1099, "case": "error/char_4087_ines/precedence5", "paired_records": 1099}
{"records_completed": 1100, "case": "error/char_4087_ines/precedence6", "paired_records": 1100}
{"records_completed": 1101, "case": "error/char_4087_ines/precedence7", "paired_records": 1101}
{"records_completed": 1102, "case": "error/char_4087_ines/precedence8", "paired_records": 1102}
{"records_completed": 1103, "case": "error/char_437_mizuki/module0", "paired_records": 1103}
{"records_completed": 1104, "case": "error/char_437_mizuki/module1", "paired_records": 1104}
{"records_completed": 1105, "case": "error/char_437_mizuki/module2", "paired_records": 1105}
{"records_completed": 1106, "case": "error/char_437_mizuki/module3", "paired_records": 1106}
{"records_completed": 1107, "case": "error/char_437_mizuki/module4", "paired_records": 1107}
{"records_completed": 1108, "case": "error/char_437_mizuki/module5", "paired_records": 1108}
{"records_completed": 1109, "case": "error/char_437_mizuki/precedence0", "paired_records": 1109}
{"records_completed": 1110, "case": "error/char_437_mizuki/precedence1", "paired_records": 1110}
{"records_completed": 1111, "case": "error/char_437_mizuki/precedence2", "paired_records": 1111}
{"records_completed": 1112, "case": "error/char_437_mizuki/precedence3", "paired_records": 1112}
{"records_completed": 1113, "case": "error/char_437_mizuki/precedence4", "paired_records": 1113}
{"records_completed": 1114, "case": "error/char_437_mizuki/precedence5", "paired_records": 1114}
{"records_completed": 1115, "case": "error/char_437_mizuki/precedence6", "paired_records": 1115}
{"records_completed": 1116, "case": "error/char_437_mizuki/precedence7", "paired_records": 1116}
{"records_completed": 1117, "case": "error/char_437_mizuki/precedence8", "paired_records": 1117}
{"records_completed": 1118, "case": "error/char_1044_hsgma2/module0", "paired_records": 1118}
{"records_completed": 1119, "case": "error/char_1044_hsgma2/module1", "paired_records": 1119}
{"records_completed": 1120, "case": "error/char_1044_hsgma2/module2", "paired_records": 1120}
{"records_completed": 1121, "case": "error/char_1044_hsgma2/module3", "paired_records": 1121}
{"records_completed": 1122, "case": "error/char_1044_hsgma2/module4", "paired_records": 1122}
{"records_completed": 1123, "case": "error/char_1044_hsgma2/module5", "paired_records": 1123}
{"records_completed": 1124, "case": "error/char_1044_hsgma2/precedence0", "paired_records": 1124}
{"records_completed": 1125, "case": "error/char_1044_hsgma2/precedence1", "paired_records": 1125}
{"records_completed": 1126, "case": "error/char_1044_hsgma2/precedence2", "paired_records": 1126}
{"records_completed": 1127, "case": "error/char_1044_hsgma2/precedence3", "paired_records": 1127}
{"records_completed": 1128, "case": "error/char_1044_hsgma2/precedence4", "paired_records": 1128}
{"records_completed": 1129, "case": "error/char_1044_hsgma2/precedence5", "paired_records": 1129}
{"records_completed": 1130, "case": "error/char_1044_hsgma2/precedence6", "paired_records": 1130}
{"records_completed": 1131, "case": "error/char_1044_hsgma2/precedence7", "paired_records": 1131}
{"records_completed": 1132, "case": "error/char_1044_hsgma2/precedence8", "paired_records": 1132}
{"passed": true, "records": 1132, "paired_records": 1132, "failure": null, "final_guard_failure": null}
