test_active_strings_cannot_confirm_or_deny_skill_fragile (test_preexisting_fragile_input_types.PreexistingFragileInputTypes.test_active_strings_cannot_confirm_or_deny_skill_fragile) ... 
  test_active_strings_cannot_confirm_or_deny_skill_fragile (test_preexisting_fragile_input_types.PreexistingFragileInputTypes.test_active_strings_cannot_confirm_or_deny_skill_fragile) (mode='frames', rank=1, value='false') ... FAIL
  test_active_strings_cannot_confirm_or_deny_skill_fragile (test_preexisting_fragile_input_types.PreexistingFragileInputTypes.test_active_strings_cannot_confirm_or_deny_skill_fragile) (mode='frames', rank=1, value='False') ... FAIL
  test_active_strings_cannot_confirm_or_deny_skill_fragile (test_preexisting_fragile_input_types.PreexistingFragileInputTypes.test_active_strings_cannot_confirm_or_deny_skill_fragile) (mode='frames', rank=1, value='true') ... FAIL
  test_active_strings_cannot_confirm_or_deny_skill_fragile (test_preexisting_fragile_input_types.PreexistingFragileInputTypes.test_active_strings_cannot_confirm_or_deny_skill_fragile) (mode='frames', rank=1, value='0') ... FAIL
  test_active_strings_cannot_confirm_or_deny_skill_fragile (test_preexisting_fragile_input_types.PreexistingFragileInputTypes.test_active_strings_cannot_confirm_or_deny_skill_fragile) (mode='frames', rank=1, value='1') ... FAIL
  test_active_strings_cannot_confirm_or_deny_skill_fragile (test_preexisting_fragile_input_types.PreexistingFragileInputTypes.test_active_strings_cannot_confirm_or_deny_skill_fragile) (mode='frames', rank=1, value='') ... FAIL
  test_active_strings_cannot_confirm_or_deny_skill_fragile (test_preexisting_fragile_input_types.PreexistingFragileInputTypes.test_active_strings_cannot_confirm_or_deny_skill_fragile) (mode='frames', rank=1, value=' ') ... FAIL
  test_active_strings_cannot_confirm_or_deny_skill_fragile (test_preexisting_fragile_input_types.PreexistingFragileInputTypes.test_active_strings_cannot_confirm_or_deny_skill_fragile) (mode='frames', rank=1, value='unknown') ... FAIL
  test_active_strings_cannot_confirm_or_deny_skill_fragile (test_preexisting_fragile_input_types.PreexistingFragileInputTypes.test_active_strings_cannot_confirm_or_deny_skill_fragile) (mode='frames', rank=2, value='false') ... FAIL
  test_active_strings_cannot_confirm_or_deny_skill_fragile (test_preexisting_fragile_input_types.PreexistingFragileInputTypes.test_active_strings_cannot_confirm_or_deny_skill_fragile) (mode='frames', rank=2, value='False') ... FAIL
  test_active_strings_cannot_confirm_or_deny_skill_fragile (test_preexisting_fragile_input_types.PreexistingFragileInputTypes.test_active_strings_cannot_confirm_or_deny_skill_fragile) (mode='frames', rank=2, value='true') ... FAIL
  test_active_strings_cannot_confirm_or_deny_skill_fragile (test_preexisting_fragile_input_types.PreexistingFragileInputTypes.test_active_strings_cannot_confirm_or_deny_skill_fragile) (mode='frames', rank=2, value='0') ... FAIL
  test_active_strings_cannot_confirm_or_deny_skill_fragile (test_preexisting_fragile_input_types.PreexistingFragileInputTypes.test_active_strings_cannot_confirm_or_deny_skill_fragile) (mode='frames', rank=2, value='1') ... FAIL
  test_active_strings_cannot_confirm_or_deny_skill_fragile (test_preexisting_fragile_input_types.PreexistingFragileInputTypes.test_active_strings_cannot_confirm_or_deny_skill_fragile) (mode='frames', rank=2, value='') ... FAIL
  test_active_strings_cannot_confirm_or_deny_skill_fragile (test_preexisting_fragile_input_types.PreexistingFragileInputTypes.test_active_strings_cannot_confirm_or_deny_skill_fragile) (mode='frames', rank=2, value=' ') ... FAIL
  test_active_strings_cannot_confirm_or_deny_skill_fragile (test_preexisting_fragile_input_types.PreexistingFragileInputTypes.test_active_strings_cannot_confirm_or_deny_skill_fragile) (mode='frames', rank=2, value='unknown') ... FAIL
  test_active_strings_cannot_confirm_or_deny_skill_fragile (test_preexisting_fragile_input_types.PreexistingFragileInputTypes.test_active_strings_cannot_confirm_or_deny_skill_fragile) (mode='frames', rank=3, value='false') ... FAIL
  test_active_strings_cannot_confirm_or_deny_skill_fragile (test_preexisting_fragile_input_types.PreexistingFragileInputTypes.test_active_strings_cannot_confirm_or_deny_skill_fragile) (mode='frames', rank=3, value='False') ... FAIL
  test_active_strings_cannot_confirm_or_deny_skill_fragile (test_preexisting_fragile_input_types.PreexistingFragileInputTypes.test_active_strings_cannot_confirm_or_deny_skill_fragile) (mode='frames', rank=3, value='true') ... FAIL
  test_active_strings_cannot_confirm_or_deny_skill_fragile (test_preexisting_fragile_input_types.PreexistingFragileInputTypes.test_active_strings_cannot_confirm_or_deny_skill_fragile) (mode='frames', rank=3, value='0') ... FAIL
  test_active_strings_cannot_confirm_or_deny_skill_fragile (test_preexisting_fragile_input_types.PreexistingFragileInputTypes.test_active_strings_cannot_confirm_or_deny_skill_fragile) (mode='frames', rank=3, value='1') ... FAIL
  test_active_strings_cannot_confirm_or_deny_skill_fragile (test_preexisting_fragile_input_types.PreexistingFragileInputTypes.test_active_strings_cannot_confirm_or_deny_skill_fragile) (mode='frames', rank=3, value='') ... FAIL
  test_active_strings_cannot_confirm_or_deny_skill_fragile (test_preexisting_fragile_input_types.PreexistingFragileInputTypes.test_active_strings_cannot_confirm_or_deny_skill_fragile) (mode='frames', rank=3, value=' ') ... FAIL
  test_active_strings_cannot_confirm_or_deny_skill_fragile (test_preexisting_fragile_input_types.PreexistingFragileInputTypes.test_active_strings_cannot_confirm_or_deny_skill_fragile) (mode='frames', rank=3, value='unknown') ... FAIL
  test_active_strings_cannot_confirm_or_deny_skill_fragile (test_preexisting_fragile_input_types.PreexistingFragileInputTypes.test_active_strings_cannot_confirm_or_deny_skill_fragile) (mode='frames', rank=4, value='false') ... FAIL
  test_active_strings_cannot_confirm_or_deny_skill_fragile (test_preexisting_fragile_input_types.PreexistingFragileInputTypes.test_active_strings_cannot_confirm_or_deny_skill_fragile) (mode='frames', rank=4, value='False') ... FAIL
  test_active_strings_cannot_confirm_or_deny_skill_fragile (test_preexisting_fragile_input_types.PreexistingFragileInputTypes.test_active_strings_cannot_confirm_or_deny_skill_fragile) (mode='frames', rank=4, value='true') ... FAIL
  test_active_strings_cannot_confirm_or_deny_skill_fragile (test_preexisting_fragile_input_types.PreexistingFragileInputTypes.test_active_strings_cannot_confirm_or_deny_skill_fragile) (mode='frames', rank=4, value='0') ... FAIL
  test_active_strings_cannot_confirm_or_deny_skill_fragile (test_preexisting_fragile_input_types.PreexistingFragileInputTypes.test_active_strings_cannot_confirm_or_deny_skill_fragile) (mode='frames', rank=4, value='1') ... FAIL
  test_active_strings_cannot_confirm_or_deny_skill_fragile (test_preexisting_fragile_input_types.PreexistingFragileInputTypes.test_active_strings_cannot_confirm_or_deny_skill_fragile) (mode='frames', rank=4, value='') ... FAIL
  test_active_strings_cannot_confirm_or_deny_skill_fragile (test_preexisting_fragile_input_types.PreexistingFragileInputTypes.test_active_strings_cannot_confirm_or_deny_skill_fragile) (mode='frames', rank=4, value=' ') ... FAIL
  test_active_strings_cannot_confirm_or_deny_skill_fragile (test_preexisting_fragile_input_types.PreexistingFragileInputTypes.test_active_strings_cannot_confirm_or_deny_skill_fragile) (mode='frames', rank=4, value='unknown') ... FAIL
  test_active_strings_cannot_confirm_or_deny_skill_fragile (test_preexisting_fragile_input_types.PreexistingFragileInputTypes.test_active_strings_cannot_confirm_or_deny_skill_fragile) (mode='frames', rank=5, value='false') ... FAIL
  test_active_strings_cannot_confirm_or_deny_skill_fragile (test_preexisting_fragile_input_types.PreexistingFragileInputTypes.test_active_strings_cannot_confirm_or_deny_skill_fragile) (mode='frames', rank=5, value='False') ... FAIL
  test_active_strings_cannot_confirm_or_deny_skill_fragile (test_preexisting_fragile_input_types.PreexistingFragileInputTypes.test_active_strings_cannot_confirm_or_deny_skill_fragile) (mode='frames', rank=5, value='true') ... FAIL
  test_active_strings_cannot_confirm_or_deny_skill_fragile (test_preexisting_fragile_input_types.PreexistingFragileInputTypes.test_active_strings_cannot_confirm_or_deny_skill_fragile) (mode='frames', rank=5, value='0') ... FAIL
  test_active_strings_cannot_confirm_or_deny_skill_fragile (test_preexisting_fragile_input_types.PreexistingFragileInputTypes.test_active_strings_cannot_confirm_or_deny_skill_fragile) (mode='frames', rank=5, value='1') ... FAIL
  test_active_strings_cannot_confirm_or_deny_skill_fragile (test_preexisting_fragile_input_types.PreexistingFragileInputTypes.test_active_strings_cannot_confirm_or_deny_skill_fragile) (mode='frames', rank=5, value='') ... FAIL
  test_active_strings_cannot_confirm_or_deny_skill_fragile (test_preexisting_fragile_input_types.PreexistingFragileInputTypes.test_active_strings_cannot_confirm_or_deny_skill_fragile) (mode='frames', rank=5, value=' ') ... FAIL
  test_active_strings_cannot_confirm_or_deny_skill_fragile (test_preexisting_fragile_input_types.PreexistingFragileInputTypes.test_active_strings_cannot_confirm_or_deny_skill_fragile) (mode='frames', rank=5, value='unknown') ... FAIL
  test_active_strings_cannot_confirm_or_deny_skill_fragile (test_preexisting_fragile_input_types.PreexistingFragileInputTypes.test_active_strings_cannot_confirm_or_deny_skill_fragile) (mode='frames', rank=6, value='false') ... FAIL
  test_active_strings_cannot_confirm_or_deny_skill_fragile (test_preexisting_fragile_input_types.PreexistingFragileInputTypes.test_active_strings_cannot_confirm_or_deny_skill_fragile) (mode='frames', rank=6, value='False') ... FAIL
  test_active_strings_cannot_confirm_or_deny_skill_fragile (test_preexisting_fragile_input_types.PreexistingFragileInputTypes.test_active_strings_cannot_confirm_or_deny_skill_fragile) (mode='frames', rank=6, value='true') ... FAIL
  test_active_strings_cannot_confirm_or_deny_skill_fragile (test_preexisting_fragile_input_types.PreexistingFragileInputTypes.test_active_strings_cannot_confirm_or_deny_skill_fragile) (mode='frames', rank=6, value='0') ... FAIL
  test_active_strings_cannot_confirm_or_deny_skill_fragile (test_preexisting_fragile_input_types.PreexistingFragileInputTypes.test_active_strings_cannot_confirm_or_deny_skill_fragile) (mode='frames', rank=6, value='1') ... FAIL
  test_active_strings_cannot_confirm_or_deny_skill_fragile (test_preexisting_fragile_input_types.PreexistingFragileInputTypes.test_active_strings_cannot_confirm_or_deny_skill_fragile) (mode='frames', rank=6, value='') ... FAIL
  test_active_strings_cannot_confirm_or_deny_skill_fragile (test_preexisting_fragile_input_types.PreexistingFragileInputTypes.test_active_strings_cannot_confirm_or_deny_skill_fragile) (mode='frames', rank=6, value=' ') ... FAIL
  test_active_strings_cannot_confirm_or_deny_skill_fragile (test_preexisting_fragile_input_types.PreexistingFragileInputTypes.test_active_strings_cannot_confirm_or_deny_skill_fragile) (mode='frames', rank=6, value='unknown') ... FAIL
  test_active_strings_cannot_confirm_or_deny_skill_fragile (test_preexisting_fragile_input_types.PreexistingFragileInputTypes.test_active_strings_cannot_confirm_or_deny_skill_fragile) (mode='frames', rank=7, value='false') ... FAIL
  test_active_strings_cannot_confirm_or_deny_skill_fragile (test_preexisting_fragile_input_types.PreexistingFragileInputTypes.test_active_strings_cannot_confirm_or_deny_skill_fragile) (mode='frames', rank=7, value='False') ... FAIL
  test_active_strings_cannot_confirm_or_deny_skill_fragile (test_preexisting_fragile_input_types.PreexistingFragileInputTypes.test_active_strings_cannot_confirm_or_deny_skill_fragile) (mode='frames', rank=7, value='true') ... FAIL
  test_active_strings_cannot_confirm_or_deny_skill_fragile (test_preexisting_fragile_input_types.PreexistingFragileInputTypes.test_active_strings_cannot_confirm_or_deny_skill_fragile) (mode='frames', rank=7, value='0') ... FAIL
  test_active_strings_cannot_confirm_or_deny_skill_fragile (test_preexisting_fragile_input_types.PreexistingFragileInputTypes.test_active_strings_cannot_confirm_or_deny_skill_fragile) (mode='frames', rank=7, value='1') ... FAIL
  test_active_strings_cannot_confirm_or_deny_skill_fragile (test_preexisting_fragile_input_types.PreexistingFragileInputTypes.test_active_strings_cannot_confirm_or_deny_skill_fragile) (mode='frames', rank=7, value='') ... FAIL
  test_active_strings_cannot_confirm_or_deny_skill_fragile (test_preexisting_fragile_input_types.PreexistingFragileInputTypes.test_active_strings_cannot_confirm_or_deny_skill_fragile) (mode='frames', rank=7, value=' ') ... FAIL
  test_active_strings_cannot_confirm_or_deny_skill_fragile (test_preexisting_fragile_input_types.PreexistingFragileInputTypes.test_active_strings_cannot_confirm_or_deny_skill_fragile) (mode='frames', rank=7, value='unknown') ... FAIL
  test_active_strings_cannot_confirm_or_deny_skill_fragile (test_preexisting_fragile_input_types.PreexistingFragileInputTypes.test_active_strings_cannot_confirm_or_deny_skill_fragile) (mode='frames', rank=8, value='false') ... FAIL
  test_active_strings_cannot_confirm_or_deny_skill_fragile (test_preexisting_fragile_input_types.PreexistingFragileInputTypes.test_active_strings_cannot_confirm_or_deny_skill_fragile) (mode='frames', rank=8, value='False') ... FAIL
  test_active_strings_cannot_confirm_or_deny_skill_fragile (test_preexisting_fragile_input_types.PreexistingFragileInputTypes.test_active_strings_cannot_confirm_or_deny_skill_fragile) (mode='frames', rank=8, value='true') ... FAIL
  test_active_strings_cannot_confirm_or_deny_skill_fragile (test_preexisting_fragile_input_types.PreexistingFragileInputTypes.test_active_strings_cannot_confirm_or_deny_skill_fragile) (mode='frames', rank=8, value='0') ... FAIL
  test_active_strings_cannot_confirm_or_deny_skill_fragile (test_preexisting_fragile_input_types.PreexistingFragileInputTypes.test_active_strings_cannot_confirm_or_deny_skill_fragile) (mode='frames', rank=8, value='1') ... FAIL
  test_active_strings_cannot_confirm_or_deny_skill_fragile (test_preexisting_fragile_input_types.PreexistingFragileInputTypes.test_active_strings_cannot_confirm_or_deny_skill_fragile) (mode='frames', rank=8, value='') ... FAIL
  test_active_strings_cannot_confirm_or_deny_skill_fragile (test_preexisting_fragile_input_types.PreexistingFragileInputTypes.test_active_strings_cannot_confirm_or_deny_skill_fragile) (mode='frames', rank=8, value=' ') ... FAIL
  test_active_strings_cannot_confirm_or_deny_skill_fragile (test_preexisting_fragile_input_types.PreexistingFragileInputTypes.test_active_strings_cannot_confirm_or_deny_skill_fragile) (mode='frames', rank=8, value='unknown') ... FAIL
  test_active_strings_cannot_confirm_or_deny_skill_fragile (test_preexisting_fragile_input_types.PreexistingFragileInputTypes.test_active_strings_cannot_confirm_or_deny_skill_fragile) (mode='frames', rank=9, value='false') ... FAIL
  test_active_strings_cannot_confirm_or_deny_skill_fragile (test_preexisting_fragile_input_types.PreexistingFragileInputTypes.test_active_strings_cannot_confirm_or_deny_skill_fragile) (mode='frames', rank=9, value='False') ... FAIL
  test_active_strings_cannot_confirm_or_deny_skill_fragile (test_preexisting_fragile_input_types.PreexistingFragileInputTypes.test_active_strings_cannot_confirm_or_deny_skill_fragile) (mode='frames', rank=9, value='true') ... FAIL
  test_active_strings_cannot_confirm_or_deny_skill_fragile (test_preexisting_fragile_input_types.PreexistingFragileInputTypes.test_active_strings_cannot_confirm_or_deny_skill_fragile) (mode='frames', rank=9, value='0') ... FAIL
  test_active_strings_cannot_confirm_or_deny_skill_fragile (test_preexisting_fragile_input_types.PreexistingFragileInputTypes.test_active_strings_cannot_confirm_or_deny_skill_fragile) (mode='frames', rank=9, value='1') ... FAIL
  test_active_strings_cannot_confirm_or_deny_skill_fragile (test_preexisting_fragile_input_types.PreexistingFragileInputTypes.test_active_strings_cannot_confirm_or_deny_skill_fragile) (mode='frames', rank=9, value='') ... FAIL
  test_active_strings_cannot_confirm_or_deny_skill_fragile (test_preexisting_fragile_input_types.PreexistingFragileInputTypes.test_active_strings_cannot_confirm_or_deny_skill_fragile) (mode='frames', rank=9, value=' ') ... FAIL
  test_active_strings_cannot_confirm_or_deny_skill_fragile (test_preexisting_fragile_input_types.PreexistingFragileInputTypes.test_active_strings_cannot_confirm_or_deny_skill_fragile) (mode='frames', rank=9, value='unknown') ... FAIL
  test_active_strings_cannot_confirm_or_deny_skill_fragile (test_preexisting_fragile_input_types.PreexistingFragileInputTypes.test_active_strings_cannot_confirm_or_deny_skill_fragile) (mode='frames', rank=10, value='false') ... FAIL
  test_active_strings_cannot_confirm_or_deny_skill_fragile (test_preexisting_fragile_input_types.PreexistingFragileInputTypes.test_active_strings_cannot_confirm_or_deny_skill_fragile) (mode='frames', rank=10, value='False') ... FAIL
  test_active_strings_cannot_confirm_or_deny_skill_fragile (test_preexisting_fragile_input_types.PreexistingFragileInputTypes.test_active_strings_cannot_confirm_or_deny_skill_fragile) (mode='frames', rank=10, value='true') ... FAIL
  test_active_strings_cannot_confirm_or_deny_skill_fragile (test_preexisting_fragile_input_types.PreexistingFragileInputTypes.test_active_strings_cannot_confirm_or_deny_skill_fragile) (mode='frames', rank=10, value='0') ... FAIL
  test_active_strings_cannot_confirm_or_deny_skill_fragile (test_preexisting_fragile_input_types.PreexistingFragileInputTypes.test_active_strings_cannot_confirm_or_deny_skill_fragile) (mode='frames', rank=10, value='1') ... FAIL
  test_active_strings_cannot_confirm_or_deny_skill_fragile (test_preexisting_fragile_input_types.PreexistingFragileInputTypes.test_active_strings_cannot_confirm_or_deny_skill_fragile) (mode='frames', rank=10, value='') ... FAIL
  test_active_strings_cannot_confirm_or_deny_skill_fragile (test_preexisting_fragile_input_types.PreexistingFragileInputTypes.test_active_strings_cannot_confirm_or_deny_skill_fragile) (mode='frames', rank=10, value=' ') ... FAIL
  test_active_strings_cannot_confirm_or_deny_skill_fragile (test_preexisting_fragile_input_types.PreexistingFragileInputTypes.test_active_strings_cannot_confirm_or_deny_skill_fragile) (mode='frames', rank=10, value='unknown') ... FAIL
  test_active_strings_cannot_confirm_or_deny_skill_fragile (test_preexisting_fragile_input_types.PreexistingFragileInputTypes.test_active_strings_cannot_confirm_or_deny_skill_fragile) (mode='continuous', rank=1, value='false') ... FAIL
  test_active_strings_cannot_confirm_or_deny_skill_fragile (test_preexisting_fragile_input_types.PreexistingFragileInputTypes.test_active_strings_cannot_confirm_or_deny_skill_fragile) (mode='continuous', rank=1, value='False') ... FAIL
  test_active_strings_cannot_confirm_or_deny_skill_fragile (test_preexisting_fragile_input_types.PreexistingFragileInputTypes.test_active_strings_cannot_confirm_or_deny_skill_fragile) (mode='continuous', rank=1, value='true') ... FAIL
  test_active_strings_cannot_confirm_or_deny_skill_fragile (test_preexisting_fragile_input_types.PreexistingFragileInputTypes.test_active_strings_cannot_confirm_or_deny_skill_fragile) (mode='continuous', rank=1, value='0') ... FAIL
  test_active_strings_cannot_confirm_or_deny_skill_fragile (test_preexisting_fragile_input_types.PreexistingFragileInputTypes.test_active_strings_cannot_confirm_or_deny_skill_fragile) (mode='continuous', rank=1, value='1') ... FAIL
  test_active_strings_cannot_confirm_or_deny_skill_fragile (test_preexisting_fragile_input_types.PreexistingFragileInputTypes.test_active_strings_cannot_confirm_or_deny_skill_fragile) (mode='continuous', rank=1, value='') ... FAIL
  test_active_strings_cannot_confirm_or_deny_skill_fragile (test_preexisting_fragile_input_types.PreexistingFragileInputTypes.test_active_strings_cannot_confirm_or_deny_skill_fragile) (mode='continuous', rank=1, value=' ') ... FAIL
  test_active_strings_cannot_confirm_or_deny_skill_fragile (test_preexisting_fragile_input_types.PreexistingFragileInputTypes.test_active_strings_cannot_confirm_or_deny_skill_fragile) (mode='continuous', rank=1, value='unknown') ... FAIL
  test_active_strings_cannot_confirm_or_deny_skill_fragile (test_preexisting_fragile_input_types.PreexistingFragileInputTypes.test_active_strings_cannot_confirm_or_deny_skill_fragile) (mode='continuous', rank=2, value='false') ... FAIL
  test_active_strings_cannot_confirm_or_deny_skill_fragile (test_preexisting_fragile_input_types.PreexistingFragileInputTypes.test_active_strings_cannot_confirm_or_deny_skill_fragile) (mode='continuous', rank=2, value='False') ... FAIL
  test_active_strings_cannot_confirm_or_deny_skill_fragile (test_preexisting_fragile_input_types.PreexistingFragileInputTypes.test_active_strings_cannot_confirm_or_deny_skill_fragile) (mode='continuous', rank=2, value='true') ... FAIL
  test_active_strings_cannot_confirm_or_deny_skill_fragile (test_preexisting_fragile_input_types.PreexistingFragileInputTypes.test_active_strings_cannot_confirm_or_deny_skill_fragile) (mode='continuous', rank=2, value='0') ... FAIL
  test_active_strings_cannot_confirm_or_deny_skill_fragile (test_preexisting_fragile_input_types.PreexistingFragileInputTypes.test_active_strings_cannot_confirm_or_deny_skill_fragile) (mode='continuous', rank=2, value='1') ... FAIL
  test_active_strings_cannot_confirm_or_deny_skill_fragile (test_preexisting_fragile_input_types.PreexistingFragileInputTypes.test_active_strings_cannot_confirm_or_deny_skill_fragile) (mode='continuous', rank=2, value='') ... FAIL
  test_active_strings_cannot_confirm_or_deny_skill_fragile (test_preexisting_fragile_input_types.PreexistingFragileInputTypes.test_active_strings_cannot_confirm_or_deny_skill_fragile) (mode='continuous', rank=2, value=' ') ... FAIL
  test_active_strings_cannot_confirm_or_deny_skill_fragile (test_preexisting_fragile_input_types.PreexistingFragileInputTypes.test_active_strings_cannot_confirm_or_deny_skill_fragile) (mode='continuous', rank=2, value='unknown') ... FAIL
  test_active_strings_cannot_confirm_or_deny_skill_fragile (test_preexisting_fragile_input_types.PreexistingFragileInputTypes.test_active_strings_cannot_confirm_or_deny_skill_fragile) (mode='continuous', rank=3, value='false') ... FAIL
  test_active_strings_cannot_confirm_or_deny_skill_fragile (test_preexisting_fragile_input_types.PreexistingFragileInputTypes.test_active_strings_cannot_confirm_or_deny_skill_fragile) (mode='continuous', rank=3, value='False') ... FAIL
  test_active_strings_cannot_confirm_or_deny_skill_fragile (test_preexisting_fragile_input_types.PreexistingFragileInputTypes.test_active_strings_cannot_confirm_or_deny_skill_fragile) (mode='continuous', rank=3, value='true') ... FAIL
  test_active_strings_cannot_confirm_or_deny_skill_fragile (test_preexisting_fragile_input_types.PreexistingFragileInputTypes.test_active_strings_cannot_confirm_or_deny_skill_fragile) (mode='continuous', rank=3, value='0') ... FAIL
  test_active_strings_cannot_confirm_or_deny_skill_fragile (test_preexisting_fragile_input_types.PreexistingFragileInputTypes.test_active_strings_cannot_confirm_or_deny_skill_fragile) (mode='continuous', rank=3, value='1') ... FAIL
  test_active_strings_cannot_confirm_or_deny_skill_fragile (test_preexisting_fragile_input_types.PreexistingFragileInputTypes.test_active_strings_cannot_confirm_or_deny_skill_fragile) (mode='continuous', rank=3, value='') ... FAIL
  test_active_strings_cannot_confirm_or_deny_skill_fragile (test_preexisting_fragile_input_types.PreexistingFragileInputTypes.test_active_strings_cannot_confirm_or_deny_skill_fragile) (mode='continuous', rank=3, value=' ') ... FAIL
  test_active_strings_cannot_confirm_or_deny_skill_fragile (test_preexisting_fragile_input_types.PreexistingFragileInputTypes.test_active_strings_cannot_confirm_or_deny_skill_fragile) (mode='continuous', rank=3, value='unknown') ... FAIL
  test_active_strings_cannot_confirm_or_deny_skill_fragile (test_preexisting_fragile_input_types.PreexistingFragileInputTypes.test_active_strings_cannot_confirm_or_deny_skill_fragile) (mode='continuous', rank=4, value='false') ... FAIL
  test_active_strings_cannot_confirm_or_deny_skill_fragile (test_preexisting_fragile_input_types.PreexistingFragileInputTypes.test_active_strings_cannot_confirm_or_deny_skill_fragile) (mode='continuous', rank=4, value='False') ... FAIL
  test_active_strings_cannot_confirm_or_deny_skill_fragile (test_preexisting_fragile_input_types.PreexistingFragileInputTypes.test_active_strings_cannot_confirm_or_deny_skill_fragile) (mode='continuous', rank=4, value='true') ... FAIL
  test_active_strings_cannot_confirm_or_deny_skill_fragile (test_preexisting_fragile_input_types.PreexistingFragileInputTypes.test_active_strings_cannot_confirm_or_deny_skill_fragile) (mode='continuous', rank=4, value='0') ... FAIL
  test_active_strings_cannot_confirm_or_deny_skill_fragile (test_preexisting_fragile_input_types.PreexistingFragileInputTypes.test_active_strings_cannot_confirm_or_deny_skill_fragile) (mode='continuous', rank=4, value='1') ... FAIL
  test_active_strings_cannot_confirm_or_deny_skill_fragile (test_preexisting_fragile_input_types.PreexistingFragileInputTypes.test_active_strings_cannot_confirm_or_deny_skill_fragile) (mode='continuous', rank=4, value='') ... FAIL
  test_active_strings_cannot_confirm_or_deny_skill_fragile (test_preexisting_fragile_input_types.PreexistingFragileInputTypes.test_active_strings_cannot_confirm_or_deny_skill_fragile) (mode='continuous', rank=4, value=' ') ... FAIL
  test_active_strings_cannot_confirm_or_deny_skill_fragile (test_preexisting_fragile_input_types.PreexistingFragileInputTypes.test_active_strings_cannot_confirm_or_deny_skill_fragile) (mode='continuous', rank=4, value='unknown') ... FAIL
  test_active_strings_cannot_confirm_or_deny_skill_fragile (test_preexisting_fragile_input_types.PreexistingFragileInputTypes.test_active_strings_cannot_confirm_or_deny_skill_fragile) (mode='continuous', rank=5, value='false') ... FAIL
  test_active_strings_cannot_confirm_or_deny_skill_fragile (test_preexisting_fragile_input_types.PreexistingFragileInputTypes.test_active_strings_cannot_confirm_or_deny_skill_fragile) (mode='continuous', rank=5, value='False') ... FAIL
  test_active_strings_cannot_confirm_or_deny_skill_fragile (test_preexisting_fragile_input_types.PreexistingFragileInputTypes.test_active_strings_cannot_confirm_or_deny_skill_fragile) (mode='continuous', rank=5, value='true') ... FAIL
  test_active_strings_cannot_confirm_or_deny_skill_fragile (test_preexisting_fragile_input_types.PreexistingFragileInputTypes.test_active_strings_cannot_confirm_or_deny_skill_fragile) (mode='continuous', rank=5, value='0') ... FAIL
  test_active_strings_cannot_confirm_or_deny_skill_fragile (test_preexisting_fragile_input_types.PreexistingFragileInputTypes.test_active_strings_cannot_confirm_or_deny_skill_fragile) (mode='continuous', rank=5, value='1') ... FAIL
  test_active_strings_cannot_confirm_or_deny_skill_fragile (test_preexisting_fragile_input_types.PreexistingFragileInputTypes.test_active_strings_cannot_confirm_or_deny_skill_fragile) (mode='continuous', rank=5, value='') ... FAIL
  test_active_strings_cannot_confirm_or_deny_skill_fragile (test_preexisting_fragile_input_types.PreexistingFragileInputTypes.test_active_strings_cannot_confirm_or_deny_skill_fragile) (mode='continuous', rank=5, value=' ') ... FAIL
  test_active_strings_cannot_confirm_or_deny_skill_fragile (test_preexisting_fragile_input_types.PreexistingFragileInputTypes.test_active_strings_cannot_confirm_or_deny_skill_fragile) (mode='continuous', rank=5, value='unknown') ... FAIL
  test_active_strings_cannot_confirm_or_deny_skill_fragile (test_preexisting_fragile_input_types.PreexistingFragileInputTypes.test_active_strings_cannot_confirm_or_deny_skill_fragile) (mode='continuous', rank=6, value='false') ... FAIL
  test_active_strings_cannot_confirm_or_deny_skill_fragile (test_preexisting_fragile_input_types.PreexistingFragileInputTypes.test_active_strings_cannot_confirm_or_deny_skill_fragile) (mode='continuous', rank=6, value='False') ... FAIL
  test_active_strings_cannot_confirm_or_deny_skill_fragile (test_preexisting_fragile_input_types.PreexistingFragileInputTypes.test_active_strings_cannot_confirm_or_deny_skill_fragile) (mode='continuous', rank=6, value='true') ... FAIL
  test_active_strings_cannot_confirm_or_deny_skill_fragile (test_preexisting_fragile_input_types.PreexistingFragileInputTypes.test_active_strings_cannot_confirm_or_deny_skill_fragile) (mode='continuous', rank=6, value='0') ... FAIL
  test_active_strings_cannot_confirm_or_deny_skill_fragile (test_preexisting_fragile_input_types.PreexistingFragileInputTypes.test_active_strings_cannot_confirm_or_deny_skill_fragile) (mode='continuous', rank=6, value='1') ... FAIL
  test_active_strings_cannot_confirm_or_deny_skill_fragile (test_preexisting_fragile_input_types.PreexistingFragileInputTypes.test_active_strings_cannot_confirm_or_deny_skill_fragile) (mode='continuous', rank=6, value='') ... FAIL
  test_active_strings_cannot_confirm_or_deny_skill_fragile (test_preexisting_fragile_input_types.PreexistingFragileInputTypes.test_active_strings_cannot_confirm_or_deny_skill_fragile) (mode='continuous', rank=6, value=' ') ... FAIL
  test_active_strings_cannot_confirm_or_deny_skill_fragile (test_preexisting_fragile_input_types.PreexistingFragileInputTypes.test_active_strings_cannot_confirm_or_deny_skill_fragile) (mode='continuous', rank=6, value='unknown') ... FAIL
  test_active_strings_cannot_confirm_or_deny_skill_fragile (test_preexisting_fragile_input_types.PreexistingFragileInputTypes.test_active_strings_cannot_confirm_or_deny_skill_fragile) (mode='continuous', rank=7, value='false') ... FAIL
  test_active_strings_cannot_confirm_or_deny_skill_fragile (test_preexisting_fragile_input_types.PreexistingFragileInputTypes.test_active_strings_cannot_confirm_or_deny_skill_fragile) (mode='continuous', rank=7, value='False') ... FAIL
  test_active_strings_cannot_confirm_or_deny_skill_fragile (test_preexisting_fragile_input_types.PreexistingFragileInputTypes.test_active_strings_cannot_confirm_or_deny_skill_fragile) (mode='continuous', rank=7, value='true') ... FAIL
  test_active_strings_cannot_confirm_or_deny_skill_fragile (test_preexisting_fragile_input_types.PreexistingFragileInputTypes.test_active_strings_cannot_confirm_or_deny_skill_fragile) (mode='continuous', rank=7, value='0') ... FAIL
  test_active_strings_cannot_confirm_or_deny_skill_fragile (test_preexisting_fragile_input_types.PreexistingFragileInputTypes.test_active_strings_cannot_confirm_or_deny_skill_fragile) (mode='continuous', rank=7, value='1') ... FAIL
  test_active_strings_cannot_confirm_or_deny_skill_fragile (test_preexisting_fragile_input_types.PreexistingFragileInputTypes.test_active_strings_cannot_confirm_or_deny_skill_fragile) (mode='continuous', rank=7, value='') ... FAIL
  test_active_strings_cannot_confirm_or_deny_skill_fragile (test_preexisting_fragile_input_types.PreexistingFragileInputTypes.test_active_strings_cannot_confirm_or_deny_skill_fragile) (mode='continuous', rank=7, value=' ') ... FAIL
  test_active_strings_cannot_confirm_or_deny_skill_fragile (test_preexisting_fragile_input_types.PreexistingFragileInputTypes.test_active_strings_cannot_confirm_or_deny_skill_fragile) (mode='continuous', rank=7, value='unknown') ... FAIL
  test_active_strings_cannot_confirm_or_deny_skill_fragile (test_preexisting_fragile_input_types.PreexistingFragileInputTypes.test_active_strings_cannot_confirm_or_deny_skill_fragile) (mode='continuous', rank=8, value='false') ... FAIL
  test_active_strings_cannot_confirm_or_deny_skill_fragile (test_preexisting_fragile_input_types.PreexistingFragileInputTypes.test_active_strings_cannot_confirm_or_deny_skill_fragile) (mode='continuous', rank=8, value='False') ... FAIL
  test_active_strings_cannot_confirm_or_deny_skill_fragile (test_preexisting_fragile_input_types.PreexistingFragileInputTypes.test_active_strings_cannot_confirm_or_deny_skill_fragile) (mode='continuous', rank=8, value='true') ... FAIL
  test_active_strings_cannot_confirm_or_deny_skill_fragile (test_preexisting_fragile_input_types.PreexistingFragileInputTypes.test_active_strings_cannot_confirm_or_deny_skill_fragile) (mode='continuous', rank=8, value='0') ... FAIL
  test_active_strings_cannot_confirm_or_deny_skill_fragile (test_preexisting_fragile_input_types.PreexistingFragileInputTypes.test_active_strings_cannot_confirm_or_deny_skill_fragile) (mode='continuous', rank=8, value='1') ... FAIL
  test_active_strings_cannot_confirm_or_deny_skill_fragile (test_preexisting_fragile_input_types.PreexistingFragileInputTypes.test_active_strings_cannot_confirm_or_deny_skill_fragile) (mode='continuous', rank=8, value='') ... FAIL
  test_active_strings_cannot_confirm_or_deny_skill_fragile (test_preexisting_fragile_input_types.PreexistingFragileInputTypes.test_active_strings_cannot_confirm_or_deny_skill_fragile) (mode='continuous', rank=8, value=' ') ... FAIL
  test_active_strings_cannot_confirm_or_deny_skill_fragile (test_preexisting_fragile_input_types.PreexistingFragileInputTypes.test_active_strings_cannot_confirm_or_deny_skill_fragile) (mode='continuous', rank=8, value='unknown') ... FAIL
  test_active_strings_cannot_confirm_or_deny_skill_fragile (test_preexisting_fragile_input_types.PreexistingFragileInputTypes.test_active_strings_cannot_confirm_or_deny_skill_fragile) (mode='continuous', rank=9, value='false') ... FAIL
  test_active_strings_cannot_confirm_or_deny_skill_fragile (test_preexisting_fragile_input_types.PreexistingFragileInputTypes.test_active_strings_cannot_confirm_or_deny_skill_fragile) (mode='continuous', rank=9, value='False') ... FAIL
  test_active_strings_cannot_confirm_or_deny_skill_fragile (test_preexisting_fragile_input_types.PreexistingFragileInputTypes.test_active_strings_cannot_confirm_or_deny_skill_fragile) (mode='continuous', rank=9, value='true') ... FAIL
  test_active_strings_cannot_confirm_or_deny_skill_fragile (test_preexisting_fragile_input_types.PreexistingFragileInputTypes.test_active_strings_cannot_confirm_or_deny_skill_fragile) (mode='continuous', rank=9, value='0') ... FAIL
  test_active_strings_cannot_confirm_or_deny_skill_fragile (test_preexisting_fragile_input_types.PreexistingFragileInputTypes.test_active_strings_cannot_confirm_or_deny_skill_fragile) (mode='continuous', rank=9, value='1') ... FAIL
  test_active_strings_cannot_confirm_or_deny_skill_fragile (test_preexisting_fragile_input_types.PreexistingFragileInputTypes.test_active_strings_cannot_confirm_or_deny_skill_fragile) (mode='continuous', rank=9, value='') ... FAIL
  test_active_strings_cannot_confirm_or_deny_skill_fragile (test_preexisting_fragile_input_types.PreexistingFragileInputTypes.test_active_strings_cannot_confirm_or_deny_skill_fragile) (mode='continuous', rank=9, value=' ') ... FAIL
  test_active_strings_cannot_confirm_or_deny_skill_fragile (test_preexisting_fragile_input_types.PreexistingFragileInputTypes.test_active_strings_cannot_confirm_or_deny_skill_fragile) (mode='continuous', rank=9, value='unknown') ... FAIL
  test_active_strings_cannot_confirm_or_deny_skill_fragile (test_preexisting_fragile_input_types.PreexistingFragileInputTypes.test_active_strings_cannot_confirm_or_deny_skill_fragile) (mode='continuous', rank=10, value='false') ... FAIL
  test_active_strings_cannot_confirm_or_deny_skill_fragile (test_preexisting_fragile_input_types.PreexistingFragileInputTypes.test_active_strings_cannot_confirm_or_deny_skill_fragile) (mode='continuous', rank=10, value='False') ... FAIL
  test_active_strings_cannot_confirm_or_deny_skill_fragile (test_preexisting_fragile_input_types.PreexistingFragileInputTypes.test_active_strings_cannot_confirm_or_deny_skill_fragile) (mode='continuous', rank=10, value='true') ... FAIL
  test_active_strings_cannot_confirm_or_deny_skill_fragile (test_preexisting_fragile_input_types.PreexistingFragileInputTypes.test_active_strings_cannot_confirm_or_deny_skill_fragile) (mode='continuous', rank=10, value='0') ... FAIL
  test_active_strings_cannot_confirm_or_deny_skill_fragile (test_preexisting_fragile_input_types.PreexistingFragileInputTypes.test_active_strings_cannot_confirm_or_deny_skill_fragile) (mode='continuous', rank=10, value='1') ... FAIL
  test_active_strings_cannot_confirm_or_deny_skill_fragile (test_preexisting_fragile_input_types.PreexistingFragileInputTypes.test_active_strings_cannot_confirm_or_deny_skill_fragile) (mode='continuous', rank=10, value='') ... FAIL
  test_active_strings_cannot_confirm_or_deny_skill_fragile (test_preexisting_fragile_input_types.PreexistingFragileInputTypes.test_active_strings_cannot_confirm_or_deny_skill_fragile) (mode='continuous', rank=10, value=' ') ... FAIL
  test_active_strings_cannot_confirm_or_deny_skill_fragile (test_preexisting_fragile_input_types.PreexistingFragileInputTypes.test_active_strings_cannot_confirm_or_deny_skill_fragile) (mode='continuous', rank=10, value='unknown') ... FAIL

======================================================================
FAIL: test_active_strings_cannot_confirm_or_deny_skill_fragile (test_preexisting_fragile_input_types.PreexistingFragileInputTypes.test_active_strings_cannot_confirm_or_deny_skill_fragile) (mode='frames', rank=1, value='false')
----------------------------------------------------------------------
Traceback (most recent call last):
  File "/workspace/.continuation/p2-preexisting-fragile-input-064/test_preexisting_fragile_input_types.py", line 14, in test_active_strings_cannot_confirm_or_deny_skill_fragile
    with self.assertRaisesRegex(ValueError, 'preexisting_fragile不接受字符串'):
         ^^^^^^^^^^^^^^^^^^^^^^^^^^^^^^^^^^^^^^^^^^^^^^^^^^^^^^^^^^^^^^^^^^^^^
AssertionError: ValueError not raised

======================================================================
FAIL: test_active_strings_cannot_confirm_or_deny_skill_fragile (test_preexisting_fragile_input_types.PreexistingFragileInputTypes.test_active_strings_cannot_confirm_or_deny_skill_fragile) (mode='frames', rank=1, value='False')
----------------------------------------------------------------------
Traceback (most recent call last):
  File "/workspace/.continuation/p2-preexisting-fragile-input-064/test_preexisting_fragile_input_types.py", line 14, in test_active_strings_cannot_confirm_or_deny_skill_fragile
    with self.assertRaisesRegex(ValueError, 'preexisting_fragile不接受字符串'):
         ^^^^^^^^^^^^^^^^^^^^^^^^^^^^^^^^^^^^^^^^^^^^^^^^^^^^^^^^^^^^^^^^^^^^^
AssertionError: ValueError not raised

======================================================================
FAIL: test_active_strings_cannot_confirm_or_deny_skill_fragile (test_preexisting_fragile_input_types.PreexistingFragileInputTypes.test_active_strings_cannot_confirm_or_deny_skill_fragile) (mode='frames', rank=1, value='true')
----------------------------------------------------------------------
Traceback (most recent call last):
  File "/workspace/.continuation/p2-preexisting-fragile-input-064/test_preexisting_fragile_input_types.py", line 14, in test_active_strings_cannot_confirm_or_deny_skill_fragile
    with self.assertRaisesRegex(ValueError, 'preexisting_fragile不接受字符串'):
         ^^^^^^^^^^^^^^^^^^^^^^^^^^^^^^^^^^^^^^^^^^^^^^^^^^^^^^^^^^^^^^^^^^^^^
AssertionError: ValueError not raised

======================================================================
FAIL: test_active_strings_cannot_confirm_or_deny_skill_fragile (test_preexisting_fragile_input_types.PreexistingFragileInputTypes.test_active_strings_cannot_confirm_or_deny_skill_fragile) (mode='frames', rank=1, value='0')
----------------------------------------------------------------------
Traceback (most recent call last):
  File "/workspace/.continuation/p2-preexisting-fragile-input-064/test_preexisting_fragile_input_types.py", line 14, in test_active_strings_cannot_confirm_or_deny_skill_fragile
    with self.assertRaisesRegex(ValueError, 'preexisting_fragile不接受字符串'):
         ^^^^^^^^^^^^^^^^^^^^^^^^^^^^^^^^^^^^^^^^^^^^^^^^^^^^^^^^^^^^^^^^^^^^^
AssertionError: ValueError not raised

======================================================================
FAIL: test_active_strings_cannot_confirm_or_deny_skill_fragile (test_preexisting_fragile_input_types.PreexistingFragileInputTypes.test_active_strings_cannot_confirm_or_deny_skill_fragile) (mode='frames', rank=1, value='1')
----------------------------------------------------------------------
Traceback (most recent call last):
  File "/workspace/.continuation/p2-preexisting-fragile-input-064/test_preexisting_fragile_input_types.py", line 14, in test_active_strings_cannot_confirm_or_deny_skill_fragile
    with self.assertRaisesRegex(ValueError, 'preexisting_fragile不接受字符串'):
         ^^^^^^^^^^^^^^^^^^^^^^^^^^^^^^^^^^^^^^^^^^^^^^^^^^^^^^^^^^^^^^^^^^^^^
AssertionError: ValueError not raised

======================================================================
FAIL: test_active_strings_cannot_confirm_or_deny_skill_fragile (test_preexisting_fragile_input_types.PreexistingFragileInputTypes.test_active_strings_cannot_confirm_or_deny_skill_fragile) (mode='frames', rank=1, value='')
----------------------------------------------------------------------
Traceback (most recent call last):
  File "/workspace/.continuation/p2-preexisting-fragile-input-064/test_preexisting_fragile_input_types.py", line 14, in test_active_strings_cannot_confirm_or_deny_skill_fragile
    with self.assertRaisesRegex(ValueError, 'preexisting_fragile不接受字符串'):
         ^^^^^^^^^^^^^^^^^^^^^^^^^^^^^^^^^^^^^^^^^^^^^^^^^^^^^^^^^^^^^^^^^^^^^
AssertionError: ValueError not raised

======================================================================
FAIL: test_active_strings_cannot_confirm_or_deny_skill_fragile (test_preexisting_fragile_input_types.PreexistingFragileInputTypes.test_active_strings_cannot_confirm_or_deny_skill_fragile) (mode='frames', rank=1, value=' ')
----------------------------------------------------------------------
Traceback (most recent call last):
  File "/workspace/.continuation/p2-preexisting-fragile-input-064/test_preexisting_fragile_input_types.py", line 14, in test_active_strings_cannot_confirm_or_deny_skill_fragile
    with self.assertRaisesRegex(ValueError, 'preexisting_fragile不接受字符串'):
         ^^^^^^^^^^^^^^^^^^^^^^^^^^^^^^^^^^^^^^^^^^^^^^^^^^^^^^^^^^^^^^^^^^^^^
AssertionError: ValueError not raised

======================================================================
FAIL: test_active_strings_cannot_confirm_or_deny_skill_fragile (test_preexisting_fragile_input_types.PreexistingFragileInputTypes.test_active_strings_cannot_confirm_or_deny_skill_fragile) (mode='frames', rank=1, value='unknown')
----------------------------------------------------------------------
Traceback (most recent call last):
  File "/workspace/.continuation/p2-preexisting-fragile-input-064/test_preexisting_fragile_input_types.py", line 14, in test_active_strings_cannot_confirm_or_deny_skill_fragile
    with self.assertRaisesRegex(ValueError, 'preexisting_fragile不接受字符串'):
         ^^^^^^^^^^^^^^^^^^^^^^^^^^^^^^^^^^^^^^^^^^^^^^^^^^^^^^^^^^^^^^^^^^^^^
AssertionError: ValueError not raised

======================================================================
FAIL: test_active_strings_cannot_confirm_or_deny_skill_fragile (test_preexisting_fragile_input_types.PreexistingFragileInputTypes.test_active_strings_cannot_confirm_or_deny_skill_fragile) (mode='frames', rank=2, value='false')
----------------------------------------------------------------------
Traceback (most recent call last):
  File "/workspace/.continuation/p2-preexisting-fragile-input-064/test_preexisting_fragile_input_types.py", line 14, in test_active_strings_cannot_confirm_or_deny_skill_fragile
    with self.assertRaisesRegex(ValueError, 'preexisting_fragile不接受字符串'):
         ^^^^^^^^^^^^^^^^^^^^^^^^^^^^^^^^^^^^^^^^^^^^^^^^^^^^^^^^^^^^^^^^^^^^^
AssertionError: ValueError not raised

======================================================================
FAIL: test_active_strings_cannot_confirm_or_deny_skill_fragile (test_preexisting_fragile_input_types.PreexistingFragileInputTypes.test_active_strings_cannot_confirm_or_deny_skill_fragile) (mode='frames', rank=2, value='False')
----------------------------------------------------------------------
Traceback (most recent call last):
  File "/workspace/.continuation/p2-preexisting-fragile-input-064/test_preexisting_fragile_input_types.py", line 14, in test_active_strings_cannot_confirm_or_deny_skill_fragile
    with self.assertRaisesRegex(ValueError, 'preexisting_fragile不接受字符串'):
         ^^^^^^^^^^^^^^^^^^^^^^^^^^^^^^^^^^^^^^^^^^^^^^^^^^^^^^^^^^^^^^^^^^^^^
AssertionError: ValueError not raised

======================================================================
FAIL: test_active_strings_cannot_confirm_or_deny_skill_fragile (test_preexisting_fragile_input_types.PreexistingFragileInputTypes.test_active_strings_cannot_confirm_or_deny_skill_fragile) (mode='frames', rank=2, value='true')
----------------------------------------------------------------------
Traceback (most recent call last):
  File "/workspace/.continuation/p2-preexisting-fragile-input-064/test_preexisting_fragile_input_types.py", line 14, in test_active_strings_cannot_confirm_or_deny_skill_fragile
    with self.assertRaisesRegex(ValueError, 'preexisting_fragile不接受字符串'):
         ^^^^^^^^^^^^^^^^^^^^^^^^^^^^^^^^^^^^^^^^^^^^^^^^^^^^^^^^^^^^^^^^^^^^^
AssertionError: ValueError not raised

======================================================================
FAIL: test_active_strings_cannot_confirm_or_deny_skill_fragile (test_preexisting_fragile_input_types.PreexistingFragileInputTypes.test_active_strings_cannot_confirm_or_deny_skill_fragile) (mode='frames', rank=2, value='0')
----------------------------------------------------------------------
Traceback (most recent call last):
  File "/workspace/.continuation/p2-preexisting-fragile-input-064/test_preexisting_fragile_input_types.py", line 14, in test_active_strings_cannot_confirm_or_deny_skill_fragile
    with self.assertRaisesRegex(ValueError, 'preexisting_fragile不接受字符串'):
         ^^^^^^^^^^^^^^^^^^^^^^^^^^^^^^^^^^^^^^^^^^^^^^^^^^^^^^^^^^^^^^^^^^^^^
AssertionError: ValueError not raised

======================================================================
FAIL: test_active_strings_cannot_confirm_or_deny_skill_fragile (test_preexisting_fragile_input_types.PreexistingFragileInputTypes.test_active_strings_cannot_confirm_or_deny_skill_fragile) (mode='frames', rank=2, value='1')
----------------------------------------------------------------------
Traceback (most recent call last):
  File "/workspace/.continuation/p2-preexisting-fragile-input-064/test_preexisting_fragile_input_types.py", line 14, in test_active_strings_cannot_confirm_or_deny_skill_fragile
    with self.assertRaisesRegex(ValueError, 'preexisting_fragile不接受字符串'):
         ^^^^^^^^^^^^^^^^^^^^^^^^^^^^^^^^^^^^^^^^^^^^^^^^^^^^^^^^^^^^^^^^^^^^^
AssertionError: ValueError not raised

======================================================================
FAIL: test_active_strings_cannot_confirm_or_deny_skill_fragile (test_preexisting_fragile_input_types.PreexistingFragileInputTypes.test_active_strings_cannot_confirm_or_deny_skill_fragile) (mode='frames', rank=2, value='')
----------------------------------------------------------------------
Traceback (most recent call last):
  File "/workspace/.continuation/p2-preexisting-fragile-input-064/test_preexisting_fragile_input_types.py", line 14, in test_active_strings_cannot_confirm_or_deny_skill_fragile
    with self.assertRaisesRegex(ValueError, 'preexisting_fragile不接受字符串'):
         ^^^^^^^^^^^^^^^^^^^^^^^^^^^^^^^^^^^^^^^^^^^^^^^^^^^^^^^^^^^^^^^^^^^^^
AssertionError: ValueError not raised

======================================================================
FAIL: test_active_strings_cannot_confirm_or_deny_skill_fragile (test_preexisting_fragile_input_types.PreexistingFragileInputTypes.test_active_strings_cannot_confirm_or_deny_skill_fragile) (mode='frames', rank=2, value=' ')
----------------------------------------------------------------------
Traceback (most recent call last):
  File "/workspace/.continuation/p2-preexisting-fragile-input-064/test_preexisting_fragile_input_types.py", line 14, in test_active_strings_cannot_confirm_or_deny_skill_fragile
    with self.assertRaisesRegex(ValueError, 'preexisting_fragile不接受字符串'):
         ^^^^^^^^^^^^^^^^^^^^^^^^^^^^^^^^^^^^^^^^^^^^^^^^^^^^^^^^^^^^^^^^^^^^^
AssertionError: ValueError not raised

======================================================================
FAIL: test_active_strings_cannot_confirm_or_deny_skill_fragile (test_preexisting_fragile_input_types.PreexistingFragileInputTypes.test_active_strings_cannot_confirm_or_deny_skill_fragile) (mode='frames', rank=2, value='unknown')
----------------------------------------------------------------------
Traceback (most recent call last):
  File "/workspace/.continuation/p2-preexisting-fragile-input-064/test_preexisting_fragile_input_types.py", line 14, in test_active_strings_cannot_confirm_or_deny_skill_fragile
    with self.assertRaisesRegex(ValueError, 'preexisting_fragile不接受字符串'):
         ^^^^^^^^^^^^^^^^^^^^^^^^^^^^^^^^^^^^^^^^^^^^^^^^^^^^^^^^^^^^^^^^^^^^^
AssertionError: ValueError not raised

======================================================================
FAIL: test_active_strings_cannot_confirm_or_deny_skill_fragile (test_preexisting_fragile_input_types.PreexistingFragileInputTypes.test_active_strings_cannot_confirm_or_deny_skill_fragile) (mode='frames', rank=3, value='false')
----------------------------------------------------------------------
Traceback (most recent call last):
  File "/workspace/.continuation/p2-preexisting-fragile-input-064/test_preexisting_fragile_input_types.py", line 14, in test_active_strings_cannot_confirm_or_deny_skill_fragile
    with self.assertRaisesRegex(ValueError, 'preexisting_fragile不接受字符串'):
         ^^^^^^^^^^^^^^^^^^^^^^^^^^^^^^^^^^^^^^^^^^^^^^^^^^^^^^^^^^^^^^^^^^^^^
AssertionError: ValueError not raised

======================================================================
FAIL: test_active_strings_cannot_confirm_or_deny_skill_fragile (test_preexisting_fragile_input_types.PreexistingFragileInputTypes.test_active_strings_cannot_confirm_or_deny_skill_fragile) (mode='frames', rank=3, value='False')
----------------------------------------------------------------------
Traceback (most recent call last):
  File "/workspace/.continuation/p2-preexisting-fragile-input-064/test_preexisting_fragile_input_types.py", line 14, in test_active_strings_cannot_confirm_or_deny_skill_fragile
    with self.assertRaisesRegex(ValueError, 'preexisting_fragile不接受字符串'):
         ^^^^^^^^^^^^^^^^^^^^^^^^^^^^^^^^^^^^^^^^^^^^^^^^^^^^^^^^^^^^^^^^^^^^^
AssertionError: ValueError not raised

======================================================================
FAIL: test_active_strings_cannot_confirm_or_deny_skill_fragile (test_preexisting_fragile_input_types.PreexistingFragileInputTypes.test_active_strings_cannot_confirm_or_deny_skill_fragile) (mode='frames', rank=3, value='true')
----------------------------------------------------------------------
Traceback (most recent call last):
  File "/workspace/.continuation/p2-preexisting-fragile-input-064/test_preexisting_fragile_input_types.py", line 14, in test_active_strings_cannot_confirm_or_deny_skill_fragile
    with self.assertRaisesRegex(ValueError, 'preexisting_fragile不接受字符串'):
         ^^^^^^^^^^^^^^^^^^^^^^^^^^^^^^^^^^^^^^^^^^^^^^^^^^^^^^^^^^^^^^^^^^^^^
AssertionError: ValueError not raised

======================================================================
FAIL: test_active_strings_cannot_confirm_or_deny_skill_fragile (test_preexisting_fragile_input_types.PreexistingFragileInputTypes.test_active_strings_cannot_confirm_or_deny_skill_fragile) (mode='frames', rank=3, value='0')
----------------------------------------------------------------------
Traceback (most recent call last):
  File "/workspace/.continuation/p2-preexisting-fragile-input-064/test_preexisting_fragile_input_types.py", line 14, in test_active_strings_cannot_confirm_or_deny_skill_fragile
    with self.assertRaisesRegex(ValueError, 'preexisting_fragile不接受字符串'):
         ^^^^^^^^^^^^^^^^^^^^^^^^^^^^^^^^^^^^^^^^^^^^^^^^^^^^^^^^^^^^^^^^^^^^^
AssertionError: ValueError not raised

======================================================================
FAIL: test_active_strings_cannot_confirm_or_deny_skill_fragile (test_preexisting_fragile_input_types.PreexistingFragileInputTypes.test_active_strings_cannot_confirm_or_deny_skill_fragile) (mode='frames', rank=3, value='1')
----------------------------------------------------------------------
Traceback (most recent call last):
  File "/workspace/.continuation/p2-preexisting-fragile-input-064/test_preexisting_fragile_input_types.py", line 14, in test_active_strings_cannot_confirm_or_deny_skill_fragile
    with self.assertRaisesRegex(ValueError, 'preexisting_fragile不接受字符串'):
         ^^^^^^^^^^^^^^^^^^^^^^^^^^^^^^^^^^^^^^^^^^^^^^^^^^^^^^^^^^^^^^^^^^^^^
AssertionError: ValueError not raised

======================================================================
FAIL: test_active_strings_cannot_confirm_or_deny_skill_fragile (test_preexisting_fragile_input_types.PreexistingFragileInputTypes.test_active_strings_cannot_confirm_or_deny_skill_fragile) (mode='frames', rank=3, value='')
----------------------------------------------------------------------
Traceback (most recent call last):
  File "/workspace/.continuation/p2-preexisting-fragile-input-064/test_preexisting_fragile_input_types.py", line 14, in test_active_strings_cannot_confirm_or_deny_skill_fragile
    with self.assertRaisesRegex(ValueError, 'preexisting_fragile不接受字符串'):
         ^^^^^^^^^^^^^^^^^^^^^^^^^^^^^^^^^^^^^^^^^^^^^^^^^^^^^^^^^^^^^^^^^^^^^
AssertionError: ValueError not raised

======================================================================
FAIL: test_active_strings_cannot_confirm_or_deny_skill_fragile (test_preexisting_fragile_input_types.PreexistingFragileInputTypes.test_active_strings_cannot_confirm_or_deny_skill_fragile) (mode='frames', rank=3, value=' ')
----------------------------------------------------------------------
Traceback (most recent call last):
  File "/workspace/.continuation/p2-preexisting-fragile-input-064/test_preexisting_fragile_input_types.py", line 14, in test_active_strings_cannot_confirm_or_deny_skill_fragile
    with self.assertRaisesRegex(ValueError, 'preexisting_fragile不接受字符串'):
         ^^^^^^^^^^^^^^^^^^^^^^^^^^^^^^^^^^^^^^^^^^^^^^^^^^^^^^^^^^^^^^^^^^^^^
AssertionError: ValueError not raised

======================================================================
FAIL: test_active_strings_cannot_confirm_or_deny_skill_fragile (test_preexisting_fragile_input_types.PreexistingFragileInputTypes.test_active_strings_cannot_confirm_or_deny_skill_fragile) (mode='frames', rank=3, value='unknown')
----------------------------------------------------------------------
Traceback (most recent call last):
  File "/workspace/.continuation/p2-preexisting-fragile-input-064/test_preexisting_fragile_input_types.py", line 14, in test_active_strings_cannot_confirm_or_deny_skill_fragile
    with self.assertRaisesRegex(ValueError, 'preexisting_fragile不接受字符串'):
         ^^^^^^^^^^^^^^^^^^^^^^^^^^^^^^^^^^^^^^^^^^^^^^^^^^^^^^^^^^^^^^^^^^^^^
AssertionError: ValueError not raised

======================================================================
FAIL: test_active_strings_cannot_confirm_or_deny_skill_fragile (test_preexisting_fragile_input_types.PreexistingFragileInputTypes.test_active_strings_cannot_confirm_or_deny_skill_fragile) (mode='frames', rank=4, value='false')
----------------------------------------------------------------------
Traceback (most recent call last):
  File "/workspace/.continuation/p2-preexisting-fragile-input-064/test_preexisting_fragile_input_types.py", line 14, in test_active_strings_cannot_confirm_or_deny_skill_fragile
    with self.assertRaisesRegex(ValueError, 'preexisting_fragile不接受字符串'):
         ^^^^^^^^^^^^^^^^^^^^^^^^^^^^^^^^^^^^^^^^^^^^^^^^^^^^^^^^^^^^^^^^^^^^^
AssertionError: ValueError not raised

======================================================================
FAIL: test_active_strings_cannot_confirm_or_deny_skill_fragile (test_preexisting_fragile_input_types.PreexistingFragileInputTypes.test_active_strings_cannot_confirm_or_deny_skill_fragile) (mode='frames', rank=4, value='False')
----------------------------------------------------------------------
Traceback (most recent call last):
  File "/workspace/.continuation/p2-preexisting-fragile-input-064/test_preexisting_fragile_input_types.py", line 14, in test_active_strings_cannot_confirm_or_deny_skill_fragile
    with self.assertRaisesRegex(ValueError, 'preexisting_fragile不接受字符串'):
         ^^^^^^^^^^^^^^^^^^^^^^^^^^^^^^^^^^^^^^^^^^^^^^^^^^^^^^^^^^^^^^^^^^^^^
AssertionError: ValueError not raised

======================================================================
FAIL: test_active_strings_cannot_confirm_or_deny_skill_fragile (test_preexisting_fragile_input_types.PreexistingFragileInputTypes.test_active_strings_cannot_confirm_or_deny_skill_fragile) (mode='frames', rank=4, value='true')
----------------------------------------------------------------------
Traceback (most recent call last):
  File "/workspace/.continuation/p2-preexisting-fragile-input-064/test_preexisting_fragile_input_types.py", line 14, in test_active_strings_cannot_confirm_or_deny_skill_fragile
    with self.assertRaisesRegex(ValueError, 'preexisting_fragile不接受字符串'):
         ^^^^^^^^^^^^^^^^^^^^^^^^^^^^^^^^^^^^^^^^^^^^^^^^^^^^^^^^^^^^^^^^^^^^^
AssertionError: ValueError not raised

======================================================================
FAIL: test_active_strings_cannot_confirm_or_deny_skill_fragile (test_preexisting_fragile_input_types.PreexistingFragileInputTypes.test_active_strings_cannot_confirm_or_deny_skill_fragile) (mode='frames', rank=4, value='0')
----------------------------------------------------------------------
Traceback (most recent call last):
  File "/workspace/.continuation/p2-preexisting-fragile-input-064/test_preexisting_fragile_input_types.py", line 14, in test_active_strings_cannot_confirm_or_deny_skill_fragile
    with self.assertRaisesRegex(ValueError, 'preexisting_fragile不接受字符串'):
         ^^^^^^^^^^^^^^^^^^^^^^^^^^^^^^^^^^^^^^^^^^^^^^^^^^^^^^^^^^^^^^^^^^^^^
AssertionError: ValueError not raised

======================================================================
FAIL: test_active_strings_cannot_confirm_or_deny_skill_fragile (test_preexisting_fragile_input_types.PreexistingFragileInputTypes.test_active_strings_cannot_confirm_or_deny_skill_fragile) (mode='frames', rank=4, value='1')
----------------------------------------------------------------------
Traceback (most recent call last):
  File "/workspace/.continuation/p2-preexisting-fragile-input-064/test_preexisting_fragile_input_types.py", line 14, in test_active_strings_cannot_confirm_or_deny_skill_fragile
    with self.assertRaisesRegex(ValueError, 'preexisting_fragile不接受字符串'):
         ^^^^^^^^^^^^^^^^^^^^^^^^^^^^^^^^^^^^^^^^^^^^^^^^^^^^^^^^^^^^^^^^^^^^^
AssertionError: ValueError not raised

======================================================================
FAIL: test_active_strings_cannot_confirm_or_deny_skill_fragile (test_preexisting_fragile_input_types.PreexistingFragileInputTypes.test_active_strings_cannot_confirm_or_deny_skill_fragile) (mode='frames', rank=4, value='')
----------------------------------------------------------------------
Traceback (most recent call last):
  File "/workspace/.continuation/p2-preexisting-fragile-input-064/test_preexisting_fragile_input_types.py", line 14, in test_active_strings_cannot_confirm_or_deny_skill_fragile
    with self.assertRaisesRegex(ValueError, 'preexisting_fragile不接受字符串'):
         ^^^^^^^^^^^^^^^^^^^^^^^^^^^^^^^^^^^^^^^^^^^^^^^^^^^^^^^^^^^^^^^^^^^^^
AssertionError: ValueError not raised

======================================================================
FAIL: test_active_strings_cannot_confirm_or_deny_skill_fragile (test_preexisting_fragile_input_types.PreexistingFragileInputTypes.test_active_strings_cannot_confirm_or_deny_skill_fragile) (mode='frames', rank=4, value=' ')
----------------------------------------------------------------------
Traceback (most recent call last):
  File "/workspace/.continuation/p2-preexisting-fragile-input-064/test_preexisting_fragile_input_types.py", line 14, in test_active_strings_cannot_confirm_or_deny_skill_fragile
    with self.assertRaisesRegex(ValueError, 'preexisting_fragile不接受字符串'):
         ^^^^^^^^^^^^^^^^^^^^^^^^^^^^^^^^^^^^^^^^^^^^^^^^^^^^^^^^^^^^^^^^^^^^^
AssertionError: ValueError not raised

======================================================================
FAIL: test_active_strings_cannot_confirm_or_deny_skill_fragile (test_preexisting_fragile_input_types.PreexistingFragileInputTypes.test_active_strings_cannot_confirm_or_deny_skill_fragile) (mode='frames', rank=4, value='unknown')
----------------------------------------------------------------------
Traceback (most recent call last):
  File "/workspace/.continuation/p2-preexisting-fragile-input-064/test_preexisting_fragile_input_types.py", line 14, in test_active_strings_cannot_confirm_or_deny_skill_fragile
    with self.assertRaisesRegex(ValueError, 'preexisting_fragile不接受字符串'):
         ^^^^^^^^^^^^^^^^^^^^^^^^^^^^^^^^^^^^^^^^^^^^^^^^^^^^^^^^^^^^^^^^^^^^^
AssertionError: ValueError not raised

======================================================================
FAIL: test_active_strings_cannot_confirm_or_deny_skill_fragile (test_preexisting_fragile_input_types.PreexistingFragileInputTypes.test_active_strings_cannot_confirm_or_deny_skill_fragile) (mode='frames', rank=5, value='false')
----------------------------------------------------------------------
Traceback (most recent call last):
  File "/workspace/.continuation/p2-preexisting-fragile-input-064/test_preexisting_fragile_input_types.py", line 14, in test_active_strings_cannot_confirm_or_deny_skill_fragile
    with self.assertRaisesRegex(ValueError, 'preexisting_fragile不接受字符串'):
         ^^^^^^^^^^^^^^^^^^^^^^^^^^^^^^^^^^^^^^^^^^^^^^^^^^^^^^^^^^^^^^^^^^^^^
AssertionError: ValueError not raised

======================================================================
FAIL: test_active_strings_cannot_confirm_or_deny_skill_fragile (test_preexisting_fragile_input_types.PreexistingFragileInputTypes.test_active_strings_cannot_confirm_or_deny_skill_fragile) (mode='frames', rank=5, value='False')
----------------------------------------------------------------------
Traceback (most recent call last):
  File "/workspace/.continuation/p2-preexisting-fragile-input-064/test_preexisting_fragile_input_types.py", line 14, in test_active_strings_cannot_confirm_or_deny_skill_fragile
    with self.assertRaisesRegex(ValueError, 'preexisting_fragile不接受字符串'):
         ^^^^^^^^^^^^^^^^^^^^^^^^^^^^^^^^^^^^^^^^^^^^^^^^^^^^^^^^^^^^^^^^^^^^^
AssertionError: ValueError not raised

======================================================================
FAIL: test_active_strings_cannot_confirm_or_deny_skill_fragile (test_preexisting_fragile_input_types.PreexistingFragileInputTypes.test_active_strings_cannot_confirm_or_deny_skill_fragile) (mode='frames', rank=5, value='true')
----------------------------------------------------------------------
Traceback (most recent call last):
  File "/workspace/.continuation/p2-preexisting-fragile-input-064/test_preexisting_fragile_input_types.py", line 14, in test_active_strings_cannot_confirm_or_deny_skill_fragile
    with self.assertRaisesRegex(ValueError, 'preexisting_fragile不接受字符串'):
         ^^^^^^^^^^^^^^^^^^^^^^^^^^^^^^^^^^^^^^^^^^^^^^^^^^^^^^^^^^^^^^^^^^^^^
AssertionError: ValueError not raised

======================================================================
FAIL: test_active_strings_cannot_confirm_or_deny_skill_fragile (test_preexisting_fragile_input_types.PreexistingFragileInputTypes.test_active_strings_cannot_confirm_or_deny_skill_fragile) (mode='frames', rank=5, value='0')
----------------------------------------------------------------------
Traceback (most recent call last):
  File "/workspace/.continuation/p2-preexisting-fragile-input-064/test_preexisting_fragile_input_types.py", line 14, in test_active_strings_cannot_confirm_or_deny_skill_fragile
    with self.assertRaisesRegex(ValueError, 'preexisting_fragile不接受字符串'):
         ^^^^^^^^^^^^^^^^^^^^^^^^^^^^^^^^^^^^^^^^^^^^^^^^^^^^^^^^^^^^^^^^^^^^^
AssertionError: ValueError not raised

======================================================================
FAIL: test_active_strings_cannot_confirm_or_deny_skill_fragile (test_preexisting_fragile_input_types.PreexistingFragileInputTypes.test_active_strings_cannot_confirm_or_deny_skill_fragile) (mode='frames', rank=5, value='1')
----------------------------------------------------------------------
Traceback (most recent call last):
  File "/workspace/.continuation/p2-preexisting-fragile-input-064/test_preexisting_fragile_input_types.py", line 14, in test_active_strings_cannot_confirm_or_deny_skill_fragile
    with self.assertRaisesRegex(ValueError, 'preexisting_fragile不接受字符串'):
         ^^^^^^^^^^^^^^^^^^^^^^^^^^^^^^^^^^^^^^^^^^^^^^^^^^^^^^^^^^^^^^^^^^^^^
AssertionError: ValueError not raised

======================================================================
FAIL: test_active_strings_cannot_confirm_or_deny_skill_fragile (test_preexisting_fragile_input_types.PreexistingFragileInputTypes.test_active_strings_cannot_confirm_or_deny_skill_fragile) (mode='frames', rank=5, value='')
----------------------------------------------------------------------
Traceback (most recent call last):
  File "/workspace/.continuation/p2-preexisting-fragile-input-064/test_preexisting_fragile_input_types.py", line 14, in test_active_strings_cannot_confirm_or_deny_skill_fragile
    with self.assertRaisesRegex(ValueError, 'preexisting_fragile不接受字符串'):
         ^^^^^^^^^^^^^^^^^^^^^^^^^^^^^^^^^^^^^^^^^^^^^^^^^^^^^^^^^^^^^^^^^^^^^
AssertionError: ValueError not raised

======================================================================
FAIL: test_active_strings_cannot_confirm_or_deny_skill_fragile (test_preexisting_fragile_input_types.PreexistingFragileInputTypes.test_active_strings_cannot_confirm_or_deny_skill_fragile) (mode='frames', rank=5, value=' ')
----------------------------------------------------------------------
Traceback (most recent call last):
  File "/workspace/.continuation/p2-preexisting-fragile-input-064/test_preexisting_fragile_input_types.py", line 14, in test_active_strings_cannot_confirm_or_deny_skill_fragile
    with self.assertRaisesRegex(ValueError, 'preexisting_fragile不接受字符串'):
         ^^^^^^^^^^^^^^^^^^^^^^^^^^^^^^^^^^^^^^^^^^^^^^^^^^^^^^^^^^^^^^^^^^^^^
AssertionError: ValueError not raised

======================================================================
FAIL: test_active_strings_cannot_confirm_or_deny_skill_fragile (test_preexisting_fragile_input_types.PreexistingFragileInputTypes.test_active_strings_cannot_confirm_or_deny_skill_fragile) (mode='frames', rank=5, value='unknown')
----------------------------------------------------------------------
Traceback (most recent call last):
  File "/workspace/.continuation/p2-preexisting-fragile-input-064/test_preexisting_fragile_input_types.py", line 14, in test_active_strings_cannot_confirm_or_deny_skill_fragile
    with self.assertRaisesRegex(ValueError, 'preexisting_fragile不接受字符串'):
         ^^^^^^^^^^^^^^^^^^^^^^^^^^^^^^^^^^^^^^^^^^^^^^^^^^^^^^^^^^^^^^^^^^^^^
AssertionError: ValueError not raised

======================================================================
FAIL: test_active_strings_cannot_confirm_or_deny_skill_fragile (test_preexisting_fragile_input_types.PreexistingFragileInputTypes.test_active_strings_cannot_confirm_or_deny_skill_fragile) (mode='frames', rank=6, value='false')
----------------------------------------------------------------------
Traceback (most recent call last):
  File "/workspace/.continuation/p2-preexisting-fragile-input-064/test_preexisting_fragile_input_types.py", line 14, in test_active_strings_cannot_confirm_or_deny_skill_fragile
    with self.assertRaisesRegex(ValueError, 'preexisting_fragile不接受字符串'):
         ^^^^^^^^^^^^^^^^^^^^^^^^^^^^^^^^^^^^^^^^^^^^^^^^^^^^^^^^^^^^^^^^^^^^^
AssertionError: ValueError not raised

======================================================================
FAIL: test_active_strings_cannot_confirm_or_deny_skill_fragile (test_preexisting_fragile_input_types.PreexistingFragileInputTypes.test_active_strings_cannot_confirm_or_deny_skill_fragile) (mode='frames', rank=6, value='False')
----------------------------------------------------------------------
Traceback (most recent call last):
  File "/workspace/.continuation/p2-preexisting-fragile-input-064/test_preexisting_fragile_input_types.py", line 14, in test_active_strings_cannot_confirm_or_deny_skill_fragile
    with self.assertRaisesRegex(ValueError, 'preexisting_fragile不接受字符串'):
         ^^^^^^^^^^^^^^^^^^^^^^^^^^^^^^^^^^^^^^^^^^^^^^^^^^^^^^^^^^^^^^^^^^^^^
AssertionError: ValueError not raised

======================================================================
FAIL: test_active_strings_cannot_confirm_or_deny_skill_fragile (test_preexisting_fragile_input_types.PreexistingFragileInputTypes.test_active_strings_cannot_confirm_or_deny_skill_fragile) (mode='frames', rank=6, value='true')
----------------------------------------------------------------------
Traceback (most recent call last):
  File "/workspace/.continuation/p2-preexisting-fragile-input-064/test_preexisting_fragile_input_types.py", line 14, in test_active_strings_cannot_confirm_or_deny_skill_fragile
    with self.assertRaisesRegex(ValueError, 'preexisting_fragile不接受字符串'):
         ^^^^^^^^^^^^^^^^^^^^^^^^^^^^^^^^^^^^^^^^^^^^^^^^^^^^^^^^^^^^^^^^^^^^^
AssertionError: ValueError not raised

======================================================================
FAIL: test_active_strings_cannot_confirm_or_deny_skill_fragile (test_preexisting_fragile_input_types.PreexistingFragileInputTypes.test_active_strings_cannot_confirm_or_deny_skill_fragile) (mode='frames', rank=6, value='0')
----------------------------------------------------------------------
Traceback (most recent call last):
  File "/workspace/.continuation/p2-preexisting-fragile-input-064/test_preexisting_fragile_input_types.py", line 14, in test_active_strings_cannot_confirm_or_deny_skill_fragile
    with self.assertRaisesRegex(ValueError, 'preexisting_fragile不接受字符串'):
         ^^^^^^^^^^^^^^^^^^^^^^^^^^^^^^^^^^^^^^^^^^^^^^^^^^^^^^^^^^^^^^^^^^^^^
AssertionError: ValueError not raised

======================================================================
FAIL: test_active_strings_cannot_confirm_or_deny_skill_fragile (test_preexisting_fragile_input_types.PreexistingFragileInputTypes.test_active_strings_cannot_confirm_or_deny_skill_fragile) (mode='frames', rank=6, value='1')
----------------------------------------------------------------------
Traceback (most recent call last):
  File "/workspace/.continuation/p2-preexisting-fragile-input-064/test_preexisting_fragile_input_types.py", line 14, in test_active_strings_cannot_confirm_or_deny_skill_fragile
    with self.assertRaisesRegex(ValueError, 'preexisting_fragile不接受字符串'):
         ^^^^^^^^^^^^^^^^^^^^^^^^^^^^^^^^^^^^^^^^^^^^^^^^^^^^^^^^^^^^^^^^^^^^^
AssertionError: ValueError not raised

======================================================================
FAIL: test_active_strings_cannot_confirm_or_deny_skill_fragile (test_preexisting_fragile_input_types.PreexistingFragileInputTypes.test_active_strings_cannot_confirm_or_deny_skill_fragile) (mode='frames', rank=6, value='')
----------------------------------------------------------------------
Traceback (most recent call last):
  File "/workspace/.continuation/p2-preexisting-fragile-input-064/test_preexisting_fragile_input_types.py", line 14, in test_active_strings_cannot_confirm_or_deny_skill_fragile
    with self.assertRaisesRegex(ValueError, 'preexisting_fragile不接受字符串'):
         ^^^^^^^^^^^^^^^^^^^^^^^^^^^^^^^^^^^^^^^^^^^^^^^^^^^^^^^^^^^^^^^^^^^^^
AssertionError: ValueError not raised

======================================================================
FAIL: test_active_strings_cannot_confirm_or_deny_skill_fragile (test_preexisting_fragile_input_types.PreexistingFragileInputTypes.test_active_strings_cannot_confirm_or_deny_skill_fragile) (mode='frames', rank=6, value=' ')
----------------------------------------------------------------------
Traceback (most recent call last):
  File "/workspace/.continuation/p2-preexisting-fragile-input-064/test_preexisting_fragile_input_types.py", line 14, in test_active_strings_cannot_confirm_or_deny_skill_fragile
    with self.assertRaisesRegex(ValueError, 'preexisting_fragile不接受字符串'):
         ^^^^^^^^^^^^^^^^^^^^^^^^^^^^^^^^^^^^^^^^^^^^^^^^^^^^^^^^^^^^^^^^^^^^^
AssertionError: ValueError not raised

======================================================================
FAIL: test_active_strings_cannot_confirm_or_deny_skill_fragile (test_preexisting_fragile_input_types.PreexistingFragileInputTypes.test_active_strings_cannot_confirm_or_deny_skill_fragile) (mode='frames', rank=6, value='unknown')
----------------------------------------------------------------------
Traceback (most recent call last):
  File "/workspace/.continuation/p2-preexisting-fragile-input-064/test_preexisting_fragile_input_types.py", line 14, in test_active_strings_cannot_confirm_or_deny_skill_fragile
    with self.assertRaisesRegex(ValueError, 'preexisting_fragile不接受字符串'):
         ^^^^^^^^^^^^^^^^^^^^^^^^^^^^^^^^^^^^^^^^^^^^^^^^^^^^^^^^^^^^^^^^^^^^^
AssertionError: ValueError not raised

======================================================================
FAIL: test_active_strings_cannot_confirm_or_deny_skill_fragile (test_preexisting_fragile_input_types.PreexistingFragileInputTypes.test_active_strings_cannot_confirm_or_deny_skill_fragile) (mode='frames', rank=7, value='false')
----------------------------------------------------------------------
Traceback (most recent call last):
  File "/workspace/.continuation/p2-preexisting-fragile-input-064/test_preexisting_fragile_input_types.py", line 14, in test_active_strings_cannot_confirm_or_deny_skill_fragile
    with self.assertRaisesRegex(ValueError, 'preexisting_fragile不接受字符串'):
         ^^^^^^^^^^^^^^^^^^^^^^^^^^^^^^^^^^^^^^^^^^^^^^^^^^^^^^^^^^^^^^^^^^^^^
AssertionError: ValueError not raised

======================================================================
FAIL: test_active_strings_cannot_confirm_or_deny_skill_fragile (test_preexisting_fragile_input_types.PreexistingFragileInputTypes.test_active_strings_cannot_confirm_or_deny_skill_fragile) (mode='frames', rank=7, value='False')
----------------------------------------------------------------------
Traceback (most recent call last):
  File "/workspace/.continuation/p2-preexisting-fragile-input-064/test_preexisting_fragile_input_types.py", line 14, in test_active_strings_cannot_confirm_or_deny_skill_fragile
    with self.assertRaisesRegex(ValueError, 'preexisting_fragile不接受字符串'):
         ^^^^^^^^^^^^^^^^^^^^^^^^^^^^^^^^^^^^^^^^^^^^^^^^^^^^^^^^^^^^^^^^^^^^^
AssertionError: ValueError not raised

======================================================================
FAIL: test_active_strings_cannot_confirm_or_deny_skill_fragile (test_preexisting_fragile_input_types.PreexistingFragileInputTypes.test_active_strings_cannot_confirm_or_deny_skill_fragile) (mode='frames', rank=7, value='true')
----------------------------------------------------------------------
Traceback (most recent call last):
  File "/workspace/.continuation/p2-preexisting-fragile-input-064/test_preexisting_fragile_input_types.py", line 14, in test_active_strings_cannot_confirm_or_deny_skill_fragile
    with self.assertRaisesRegex(ValueError, 'preexisting_fragile不接受字符串'):
         ^^^^^^^^^^^^^^^^^^^^^^^^^^^^^^^^^^^^^^^^^^^^^^^^^^^^^^^^^^^^^^^^^^^^^
AssertionError: ValueError not raised

======================================================================
FAIL: test_active_strings_cannot_confirm_or_deny_skill_fragile (test_preexisting_fragile_input_types.PreexistingFragileInputTypes.test_active_strings_cannot_confirm_or_deny_skill_fragile) (mode='frames', rank=7, value='0')
----------------------------------------------------------------------
Traceback (most recent call last):
  File "/workspace/.continuation/p2-preexisting-fragile-input-064/test_preexisting_fragile_input_types.py", line 14, in test_active_strings_cannot_confirm_or_deny_skill_fragile
    with self.assertRaisesRegex(ValueError, 'preexisting_fragile不接受字符串'):
         ^^^^^^^^^^^^^^^^^^^^^^^^^^^^^^^^^^^^^^^^^^^^^^^^^^^^^^^^^^^^^^^^^^^^^
AssertionError: ValueError not raised

======================================================================
FAIL: test_active_strings_cannot_confirm_or_deny_skill_fragile (test_preexisting_fragile_input_types.PreexistingFragileInputTypes.test_active_strings_cannot_confirm_or_deny_skill_fragile) (mode='frames', rank=7, value='1')
----------------------------------------------------------------------
Traceback (most recent call last):
  File "/workspace/.continuation/p2-preexisting-fragile-input-064/test_preexisting_fragile_input_types.py", line 14, in test_active_strings_cannot_confirm_or_deny_skill_fragile
    with self.assertRaisesRegex(ValueError, 'preexisting_fragile不接受字符串'):
         ^^^^^^^^^^^^^^^^^^^^^^^^^^^^^^^^^^^^^^^^^^^^^^^^^^^^^^^^^^^^^^^^^^^^^
AssertionError: ValueError not raised

======================================================================
FAIL: test_active_strings_cannot_confirm_or_deny_skill_fragile (test_preexisting_fragile_input_types.PreexistingFragileInputTypes.test_active_strings_cannot_confirm_or_deny_skill_fragile) (mode='frames', rank=7, value='')
----------------------------------------------------------------------
Traceback (most recent call last):
  File "/workspace/.continuation/p2-preexisting-fragile-input-064/test_preexisting_fragile_input_types.py", line 14, in test_active_strings_cannot_confirm_or_deny_skill_fragile
    with self.assertRaisesRegex(ValueError, 'preexisting_fragile不接受字符串'):
         ^^^^^^^^^^^^^^^^^^^^^^^^^^^^^^^^^^^^^^^^^^^^^^^^^^^^^^^^^^^^^^^^^^^^^
AssertionError: ValueError not raised

======================================================================
FAIL: test_active_strings_cannot_confirm_or_deny_skill_fragile (test_preexisting_fragile_input_types.PreexistingFragileInputTypes.test_active_strings_cannot_confirm_or_deny_skill_fragile) (mode='frames', rank=7, value=' ')
----------------------------------------------------------------------
Traceback (most recent call last):
  File "/workspace/.continuation/p2-preexisting-fragile-input-064/test_preexisting_fragile_input_types.py", line 14, in test_active_strings_cannot_confirm_or_deny_skill_fragile
    with self.assertRaisesRegex(ValueError, 'preexisting_fragile不接受字符串'):
         ^^^^^^^^^^^^^^^^^^^^^^^^^^^^^^^^^^^^^^^^^^^^^^^^^^^^^^^^^^^^^^^^^^^^^
AssertionError: ValueError not raised

======================================================================
FAIL: test_active_strings_cannot_confirm_or_deny_skill_fragile (test_preexisting_fragile_input_types.PreexistingFragileInputTypes.test_active_strings_cannot_confirm_or_deny_skill_fragile) (mode='frames', rank=7, value='unknown')
----------------------------------------------------------------------
Traceback (most recent call last):
  File "/workspace/.continuation/p2-preexisting-fragile-input-064/test_preexisting_fragile_input_types.py", line 14, in test_active_strings_cannot_confirm_or_deny_skill_fragile
    with self.assertRaisesRegex(ValueError, 'preexisting_fragile不接受字符串'):
         ^^^^^^^^^^^^^^^^^^^^^^^^^^^^^^^^^^^^^^^^^^^^^^^^^^^^^^^^^^^^^^^^^^^^^
AssertionError: ValueError not raised

======================================================================
FAIL: test_active_strings_cannot_confirm_or_deny_skill_fragile (test_preexisting_fragile_input_types.PreexistingFragileInputTypes.test_active_strings_cannot_confirm_or_deny_skill_fragile) (mode='frames', rank=8, value='false')
----------------------------------------------------------------------
Traceback (most recent call last):
  File "/workspace/.continuation/p2-preexisting-fragile-input-064/test_preexisting_fragile_input_types.py", line 14, in test_active_strings_cannot_confirm_or_deny_skill_fragile
    with self.assertRaisesRegex(ValueError, 'preexisting_fragile不接受字符串'):
         ^^^^^^^^^^^^^^^^^^^^^^^^^^^^^^^^^^^^^^^^^^^^^^^^^^^^^^^^^^^^^^^^^^^^^
AssertionError: ValueError not raised

======================================================================
FAIL: test_active_strings_cannot_confirm_or_deny_skill_fragile (test_preexisting_fragile_input_types.PreexistingFragileInputTypes.test_active_strings_cannot_confirm_or_deny_skill_fragile) (mode='frames', rank=8, value='False')
----------------------------------------------------------------------
Traceback (most recent call last):
  File "/workspace/.continuation/p2-preexisting-fragile-input-064/test_preexisting_fragile_input_types.py", line 14, in test_active_strings_cannot_confirm_or_deny_skill_fragile
    with self.assertRaisesRegex(ValueError, 'preexisting_fragile不接受字符串'):
         ^^^^^^^^^^^^^^^^^^^^^^^^^^^^^^^^^^^^^^^^^^^^^^^^^^^^^^^^^^^^^^^^^^^^^
AssertionError: ValueError not raised

======================================================================
FAIL: test_active_strings_cannot_confirm_or_deny_skill_fragile (test_preexisting_fragile_input_types.PreexistingFragileInputTypes.test_active_strings_cannot_confirm_or_deny_skill_fragile) (mode='frames', rank=8, value='true')
----------------------------------------------------------------------
Traceback (most recent call last):
  File "/workspace/.continuation/p2-preexisting-fragile-input-064/test_preexisting_fragile_input_types.py", line 14, in test_active_strings_cannot_confirm_or_deny_skill_fragile
    with self.assertRaisesRegex(ValueError, 'preexisting_fragile不接受字符串'):
         ^^^^^^^^^^^^^^^^^^^^^^^^^^^^^^^^^^^^^^^^^^^^^^^^^^^^^^^^^^^^^^^^^^^^^
AssertionError: ValueError not raised

======================================================================
FAIL: test_active_strings_cannot_confirm_or_deny_skill_fragile (test_preexisting_fragile_input_types.PreexistingFragileInputTypes.test_active_strings_cannot_confirm_or_deny_skill_fragile) (mode='frames', rank=8, value='0')
----------------------------------------------------------------------
Traceback (most recent call last):
  File "/workspace/.continuation/p2-preexisting-fragile-input-064/test_preexisting_fragile_input_types.py", line 14, in test_active_strings_cannot_confirm_or_deny_skill_fragile
    with self.assertRaisesRegex(ValueError, 'preexisting_fragile不接受字符串'):
         ^^^^^^^^^^^^^^^^^^^^^^^^^^^^^^^^^^^^^^^^^^^^^^^^^^^^^^^^^^^^^^^^^^^^^
AssertionError: ValueError not raised

======================================================================
FAIL: test_active_strings_cannot_confirm_or_deny_skill_fragile (test_preexisting_fragile_input_types.PreexistingFragileInputTypes.test_active_strings_cannot_confirm_or_deny_skill_fragile) (mode='frames', rank=8, value='1')
----------------------------------------------------------------------
Traceback (most recent call last):
  File "/workspace/.continuation/p2-preexisting-fragile-input-064/test_preexisting_fragile_input_types.py", line 14, in test_active_strings_cannot_confirm_or_deny_skill_fragile
    with self.assertRaisesRegex(ValueError, 'preexisting_fragile不接受字符串'):
         ^^^^^^^^^^^^^^^^^^^^^^^^^^^^^^^^^^^^^^^^^^^^^^^^^^^^^^^^^^^^^^^^^^^^^
AssertionError: ValueError not raised

======================================================================
FAIL: test_active_strings_cannot_confirm_or_deny_skill_fragile (test_preexisting_fragile_input_types.PreexistingFragileInputTypes.test_active_strings_cannot_confirm_or_deny_skill_fragile) (mode='frames', rank=8, value='')
----------------------------------------------------------------------
Traceback (most recent call last):
  File "/workspace/.continuation/p2-preexisting-fragile-input-064/test_preexisting_fragile_input_types.py", line 14, in test_active_strings_cannot_confirm_or_deny_skill_fragile
    with self.assertRaisesRegex(ValueError, 'preexisting_fragile不接受字符串'):
         ^^^^^^^^^^^^^^^^^^^^^^^^^^^^^^^^^^^^^^^^^^^^^^^^^^^^^^^^^^^^^^^^^^^^^
AssertionError: ValueError not raised

======================================================================
FAIL: test_active_strings_cannot_confirm_or_deny_skill_fragile (test_preexisting_fragile_input_types.PreexistingFragileInputTypes.test_active_strings_cannot_confirm_or_deny_skill_fragile) (mode='frames', rank=8, value=' ')
----------------------------------------------------------------------
Traceback (most recent call last):
  File "/workspace/.continuation/p2-preexisting-fragile-input-064/test_preexisting_fragile_input_types.py", line 14, in test_active_strings_cannot_confirm_or_deny_skill_fragile
    with self.assertRaisesRegex(ValueError, 'preexisting_fragile不接受字符串'):
         ^^^^^^^^^^^^^^^^^^^^^^^^^^^^^^^^^^^^^^^^^^^^^^^^^^^^^^^^^^^^^^^^^^^^^
AssertionError: ValueError not raised

======================================================================
FAIL: test_active_strings_cannot_confirm_or_deny_skill_fragile (test_preexisting_fragile_input_types.PreexistingFragileInputTypes.test_active_strings_cannot_confirm_or_deny_skill_fragile) (mode='frames', rank=8, value='unknown')
----------------------------------------------------------------------
Traceback (most recent call last):
  File "/workspace/.continuation/p2-preexisting-fragile-input-064/test_preexisting_fragile_input_types.py", line 14, in test_active_strings_cannot_confirm_or_deny_skill_fragile
    with self.assertRaisesRegex(ValueError, 'preexisting_fragile不接受字符串'):
         ^^^^^^^^^^^^^^^^^^^^^^^^^^^^^^^^^^^^^^^^^^^^^^^^^^^^^^^^^^^^^^^^^^^^^
AssertionError: ValueError not raised

======================================================================
FAIL: test_active_strings_cannot_confirm_or_deny_skill_fragile (test_preexisting_fragile_input_types.PreexistingFragileInputTypes.test_active_strings_cannot_confirm_or_deny_skill_fragile) (mode='frames', rank=9, value='false')
----------------------------------------------------------------------
Traceback (most recent call last):
  File "/workspace/.continuation/p2-preexisting-fragile-input-064/test_preexisting_fragile_input_types.py", line 14, in test_active_strings_cannot_confirm_or_deny_skill_fragile
    with self.assertRaisesRegex(ValueError, 'preexisting_fragile不接受字符串'):
         ^^^^^^^^^^^^^^^^^^^^^^^^^^^^^^^^^^^^^^^^^^^^^^^^^^^^^^^^^^^^^^^^^^^^^
AssertionError: ValueError not raised

======================================================================
FAIL: test_active_strings_cannot_confirm_or_deny_skill_fragile (test_preexisting_fragile_input_types.PreexistingFragileInputTypes.test_active_strings_cannot_confirm_or_deny_skill_fragile) (mode='frames', rank=9, value='False')
----------------------------------------------------------------------
Traceback (most recent call last):
  File "/workspace/.continuation/p2-preexisting-fragile-input-064/test_preexisting_fragile_input_types.py", line 14, in test_active_strings_cannot_confirm_or_deny_skill_fragile
    with self.assertRaisesRegex(ValueError, 'preexisting_fragile不接受字符串'):
         ^^^^^^^^^^^^^^^^^^^^^^^^^^^^^^^^^^^^^^^^^^^^^^^^^^^^^^^^^^^^^^^^^^^^^
AssertionError: ValueError not raised

======================================================================
FAIL: test_active_strings_cannot_confirm_or_deny_skill_fragile (test_preexisting_fragile_input_types.PreexistingFragileInputTypes.test_active_strings_cannot_confirm_or_deny_skill_fragile) (mode='frames', rank=9, value='true')
----------------------------------------------------------------------
Traceback (most recent call last):
  File "/workspace/.continuation/p2-preexisting-fragile-input-064/test_preexisting_fragile_input_types.py", line 14, in test_active_strings_cannot_confirm_or_deny_skill_fragile
    with self.assertRaisesRegex(ValueError, 'preexisting_fragile不接受字符串'):
         ^^^^^^^^^^^^^^^^^^^^^^^^^^^^^^^^^^^^^^^^^^^^^^^^^^^^^^^^^^^^^^^^^^^^^
AssertionError: ValueError not raised

======================================================================
FAIL: test_active_strings_cannot_confirm_or_deny_skill_fragile (test_preexisting_fragile_input_types.PreexistingFragileInputTypes.test_active_strings_cannot_confirm_or_deny_skill_fragile) (mode='frames', rank=9, value='0')
----------------------------------------------------------------------
Traceback (most recent call last):
  File "/workspace/.continuation/p2-preexisting-fragile-input-064/test_preexisting_fragile_input_types.py", line 14, in test_active_strings_cannot_confirm_or_deny_skill_fragile
    with self.assertRaisesRegex(ValueError, 'preexisting_fragile不接受字符串'):
         ^^^^^^^^^^^^^^^^^^^^^^^^^^^^^^^^^^^^^^^^^^^^^^^^^^^^^^^^^^^^^^^^^^^^^
AssertionError: ValueError not raised

======================================================================
FAIL: test_active_strings_cannot_confirm_or_deny_skill_fragile (test_preexisting_fragile_input_types.PreexistingFragileInputTypes.test_active_strings_cannot_confirm_or_deny_skill_fragile) (mode='frames', rank=9, value='1')
----------------------------------------------------------------------
Traceback (most recent call last):
  File "/workspace/.continuation/p2-preexisting-fragile-input-064/test_preexisting_fragile_input_types.py", line 14, in test_active_strings_cannot_confirm_or_deny_skill_fragile
    with self.assertRaisesRegex(ValueError, 'preexisting_fragile不接受字符串'):
         ^^^^^^^^^^^^^^^^^^^^^^^^^^^^^^^^^^^^^^^^^^^^^^^^^^^^^^^^^^^^^^^^^^^^^
AssertionError: ValueError not raised

======================================================================
FAIL: test_active_strings_cannot_confirm_or_deny_skill_fragile (test_preexisting_fragile_input_types.PreexistingFragileInputTypes.test_active_strings_cannot_confirm_or_deny_skill_fragile) (mode='frames', rank=9, value='')
----------------------------------------------------------------------
Traceback (most recent call last):
  File "/workspace/.continuation/p2-preexisting-fragile-input-064/test_preexisting_fragile_input_types.py", line 14, in test_active_strings_cannot_confirm_or_deny_skill_fragile
    with self.assertRaisesRegex(ValueError, 'preexisting_fragile不接受字符串'):
         ^^^^^^^^^^^^^^^^^^^^^^^^^^^^^^^^^^^^^^^^^^^^^^^^^^^^^^^^^^^^^^^^^^^^^
AssertionError: ValueError not raised

======================================================================
FAIL: test_active_strings_cannot_confirm_or_deny_skill_fragile (test_preexisting_fragile_input_types.PreexistingFragileInputTypes.test_active_strings_cannot_confirm_or_deny_skill_fragile) (mode='frames', rank=9, value=' ')
----------------------------------------------------------------------
Traceback (most recent call last):
  File "/workspace/.continuation/p2-preexisting-fragile-input-064/test_preexisting_fragile_input_types.py", line 14, in test_active_strings_cannot_confirm_or_deny_skill_fragile
    with self.assertRaisesRegex(ValueError, 'preexisting_fragile不接受字符串'):
         ^^^^^^^^^^^^^^^^^^^^^^^^^^^^^^^^^^^^^^^^^^^^^^^^^^^^^^^^^^^^^^^^^^^^^
AssertionError: ValueError not raised

======================================================================
FAIL: test_active_strings_cannot_confirm_or_deny_skill_fragile (test_preexisting_fragile_input_types.PreexistingFragileInputTypes.test_active_strings_cannot_confirm_or_deny_skill_fragile) (mode='frames', rank=9, value='unknown')
----------------------------------------------------------------------
Traceback (most recent call last):
  File "/workspace/.continuation/p2-preexisting-fragile-input-064/test_preexisting_fragile_input_types.py", line 14, in test_active_strings_cannot_confirm_or_deny_skill_fragile
    with self.assertRaisesRegex(ValueError, 'preexisting_fragile不接受字符串'):
         ^^^^^^^^^^^^^^^^^^^^^^^^^^^^^^^^^^^^^^^^^^^^^^^^^^^^^^^^^^^^^^^^^^^^^
AssertionError: ValueError not raised

======================================================================
FAIL: test_active_strings_cannot_confirm_or_deny_skill_fragile (test_preexisting_fragile_input_types.PreexistingFragileInputTypes.test_active_strings_cannot_confirm_or_deny_skill_fragile) (mode='frames', rank=10, value='false')
----------------------------------------------------------------------
Traceback (most recent call last):
  File "/workspace/.continuation/p2-preexisting-fragile-input-064/test_preexisting_fragile_input_types.py", line 14, in test_active_strings_cannot_confirm_or_deny_skill_fragile
    with self.assertRaisesRegex(ValueError, 'preexisting_fragile不接受字符串'):
         ^^^^^^^^^^^^^^^^^^^^^^^^^^^^^^^^^^^^^^^^^^^^^^^^^^^^^^^^^^^^^^^^^^^^^
AssertionError: ValueError not raised

======================================================================
FAIL: test_active_strings_cannot_confirm_or_deny_skill_fragile (test_preexisting_fragile_input_types.PreexistingFragileInputTypes.test_active_strings_cannot_confirm_or_deny_skill_fragile) (mode='frames', rank=10, value='False')
----------------------------------------------------------------------
Traceback (most recent call last):
  File "/workspace/.continuation/p2-preexisting-fragile-input-064/test_preexisting_fragile_input_types.py", line 14, in test_active_strings_cannot_confirm_or_deny_skill_fragile
    with self.assertRaisesRegex(ValueError, 'preexisting_fragile不接受字符串'):
         ^^^^^^^^^^^^^^^^^^^^^^^^^^^^^^^^^^^^^^^^^^^^^^^^^^^^^^^^^^^^^^^^^^^^^
AssertionError: ValueError not raised

======================================================================
FAIL: test_active_strings_cannot_confirm_or_deny_skill_fragile (test_preexisting_fragile_input_types.PreexistingFragileInputTypes.test_active_strings_cannot_confirm_or_deny_skill_fragile) (mode='frames', rank=10, value='true')
----------------------------------------------------------------------
Traceback (most recent call last):
  File "/workspace/.continuation/p2-preexisting-fragile-input-064/test_preexisting_fragile_input_types.py", line 14, in test_active_strings_cannot_confirm_or_deny_skill_fragile
    with self.assertRaisesRegex(ValueError, 'preexisting_fragile不接受字符串'):
         ^^^^^^^^^^^^^^^^^^^^^^^^^^^^^^^^^^^^^^^^^^^^^^^^^^^^^^^^^^^^^^^^^^^^^
AssertionError: ValueError not raised

======================================================================
FAIL: test_active_strings_cannot_confirm_or_deny_skill_fragile (test_preexisting_fragile_input_types.PreexistingFragileInputTypes.test_active_strings_cannot_confirm_or_deny_skill_fragile) (mode='frames', rank=10, value='0')
----------------------------------------------------------------------
Traceback (most recent call last):
  File "/workspace/.continuation/p2-preexisting-fragile-input-064/test_preexisting_fragile_input_types.py", line 14, in test_active_strings_cannot_confirm_or_deny_skill_fragile
    with self.assertRaisesRegex(ValueError, 'preexisting_fragile不接受字符串'):
         ^^^^^^^^^^^^^^^^^^^^^^^^^^^^^^^^^^^^^^^^^^^^^^^^^^^^^^^^^^^^^^^^^^^^^
AssertionError: ValueError not raised

======================================================================
FAIL: test_active_strings_cannot_confirm_or_deny_skill_fragile (test_preexisting_fragile_input_types.PreexistingFragileInputTypes.test_active_strings_cannot_confirm_or_deny_skill_fragile) (mode='frames', rank=10, value='1')
----------------------------------------------------------------------
Traceback (most recent call last):
  File "/workspace/.continuation/p2-preexisting-fragile-input-064/test_preexisting_fragile_input_types.py", line 14, in test_active_strings_cannot_confirm_or_deny_skill_fragile
    with self.assertRaisesRegex(ValueError, 'preexisting_fragile不接受字符串'):
         ^^^^^^^^^^^^^^^^^^^^^^^^^^^^^^^^^^^^^^^^^^^^^^^^^^^^^^^^^^^^^^^^^^^^^
AssertionError: ValueError not raised

======================================================================
FAIL: test_active_strings_cannot_confirm_or_deny_skill_fragile (test_preexisting_fragile_input_types.PreexistingFragileInputTypes.test_active_strings_cannot_confirm_or_deny_skill_fragile) (mode='frames', rank=10, value='')
----------------------------------------------------------------------
Traceback (most recent call last):
  File "/workspace/.continuation/p2-preexisting-fragile-input-064/test_preexisting_fragile_input_types.py", line 14, in test_active_strings_cannot_confirm_or_deny_skill_fragile
    with self.assertRaisesRegex(ValueError, 'preexisting_fragile不接受字符串'):
         ^^^^^^^^^^^^^^^^^^^^^^^^^^^^^^^^^^^^^^^^^^^^^^^^^^^^^^^^^^^^^^^^^^^^^
AssertionError: ValueError not raised

======================================================================
FAIL: test_active_strings_cannot_confirm_or_deny_skill_fragile (test_preexisting_fragile_input_types.PreexistingFragileInputTypes.test_active_strings_cannot_confirm_or_deny_skill_fragile) (mode='frames', rank=10, value=' ')
----------------------------------------------------------------------
Traceback (most recent call last):
  File "/workspace/.continuation/p2-preexisting-fragile-input-064/test_preexisting_fragile_input_types.py", line 14, in test_active_strings_cannot_confirm_or_deny_skill_fragile
    with self.assertRaisesRegex(ValueError, 'preexisting_fragile不接受字符串'):
         ^^^^^^^^^^^^^^^^^^^^^^^^^^^^^^^^^^^^^^^^^^^^^^^^^^^^^^^^^^^^^^^^^^^^^
AssertionError: ValueError not raised

======================================================================
FAIL: test_active_strings_cannot_confirm_or_deny_skill_fragile (test_preexisting_fragile_input_types.PreexistingFragileInputTypes.test_active_strings_cannot_confirm_or_deny_skill_fragile) (mode='frames', rank=10, value='unknown')
----------------------------------------------------------------------
Traceback (most recent call last):
  File "/workspace/.continuation/p2-preexisting-fragile-input-064/test_preexisting_fragile_input_types.py", line 14, in test_active_strings_cannot_confirm_or_deny_skill_fragile
    with self.assertRaisesRegex(ValueError, 'preexisting_fragile不接受字符串'):
         ^^^^^^^^^^^^^^^^^^^^^^^^^^^^^^^^^^^^^^^^^^^^^^^^^^^^^^^^^^^^^^^^^^^^^
AssertionError: ValueError not raised

======================================================================
FAIL: test_active_strings_cannot_confirm_or_deny_skill_fragile (test_preexisting_fragile_input_types.PreexistingFragileInputTypes.test_active_strings_cannot_confirm_or_deny_skill_fragile) (mode='continuous', rank=1, value='false')
----------------------------------------------------------------------
Traceback (most recent call last):
  File "/workspace/.continuation/p2-preexisting-fragile-input-064/test_preexisting_fragile_input_types.py", line 14, in test_active_strings_cannot_confirm_or_deny_skill_fragile
    with self.assertRaisesRegex(ValueError, 'preexisting_fragile不接受字符串'):
         ^^^^^^^^^^^^^^^^^^^^^^^^^^^^^^^^^^^^^^^^^^^^^^^^^^^^^^^^^^^^^^^^^^^^^
AssertionError: ValueError not raised

======================================================================
FAIL: test_active_strings_cannot_confirm_or_deny_skill_fragile (test_preexisting_fragile_input_types.PreexistingFragileInputTypes.test_active_strings_cannot_confirm_or_deny_skill_fragile) (mode='continuous', rank=1, value='False')
----------------------------------------------------------------------
Traceback (most recent call last):
  File "/workspace/.continuation/p2-preexisting-fragile-input-064/test_preexisting_fragile_input_types.py", line 14, in test_active_strings_cannot_confirm_or_deny_skill_fragile
    with self.assertRaisesRegex(ValueError, 'preexisting_fragile不接受字符串'):
         ^^^^^^^^^^^^^^^^^^^^^^^^^^^^^^^^^^^^^^^^^^^^^^^^^^^^^^^^^^^^^^^^^^^^^
AssertionError: ValueError not raised

======================================================================
FAIL: test_active_strings_cannot_confirm_or_deny_skill_fragile (test_preexisting_fragile_input_types.PreexistingFragileInputTypes.test_active_strings_cannot_confirm_or_deny_skill_fragile) (mode='continuous', rank=1, value='true')
----------------------------------------------------------------------
Traceback (most recent call last):
  File "/workspace/.continuation/p2-preexisting-fragile-input-064/test_preexisting_fragile_input_types.py", line 14, in test_active_strings_cannot_confirm_or_deny_skill_fragile
    with self.assertRaisesRegex(ValueError, 'preexisting_fragile不接受字符串'):
         ^^^^^^^^^^^^^^^^^^^^^^^^^^^^^^^^^^^^^^^^^^^^^^^^^^^^^^^^^^^^^^^^^^^^^
AssertionError: ValueError not raised

======================================================================
FAIL: test_active_strings_cannot_confirm_or_deny_skill_fragile (test_preexisting_fragile_input_types.PreexistingFragileInputTypes.test_active_strings_cannot_confirm_or_deny_skill_fragile) (mode='continuous', rank=1, value='0')
----------------------------------------------------------------------
Traceback (most recent call last):
  File "/workspace/.continuation/p2-preexisting-fragile-input-064/test_preexisting_fragile_input_types.py", line 14, in test_active_strings_cannot_confirm_or_deny_skill_fragile
    with self.assertRaisesRegex(ValueError, 'preexisting_fragile不接受字符串'):
         ^^^^^^^^^^^^^^^^^^^^^^^^^^^^^^^^^^^^^^^^^^^^^^^^^^^^^^^^^^^^^^^^^^^^^
AssertionError: ValueError not raised

======================================================================
FAIL: test_active_strings_cannot_confirm_or_deny_skill_fragile (test_preexisting_fragile_input_types.PreexistingFragileInputTypes.test_active_strings_cannot_confirm_or_deny_skill_fragile) (mode='continuous', rank=1, value='1')
----------------------------------------------------------------------
Traceback (most recent call last):
  File "/workspace/.continuation/p2-preexisting-fragile-input-064/test_preexisting_fragile_input_types.py", line 14, in test_active_strings_cannot_confirm_or_deny_skill_fragile
    with self.assertRaisesRegex(ValueError, 'preexisting_fragile不接受字符串'):
         ^^^^^^^^^^^^^^^^^^^^^^^^^^^^^^^^^^^^^^^^^^^^^^^^^^^^^^^^^^^^^^^^^^^^^
AssertionError: ValueError not raised

======================================================================
FAIL: test_active_strings_cannot_confirm_or_deny_skill_fragile (test_preexisting_fragile_input_types.PreexistingFragileInputTypes.test_active_strings_cannot_confirm_or_deny_skill_fragile) (mode='continuous', rank=1, value='')
----------------------------------------------------------------------
Traceback (most recent call last):
  File "/workspace/.continuation/p2-preexisting-fragile-input-064/test_preexisting_fragile_input_types.py", line 14, in test_active_strings_cannot_confirm_or_deny_skill_fragile
    with self.assertRaisesRegex(ValueError, 'preexisting_fragile不接受字符串'):
         ^^^^^^^^^^^^^^^^^^^^^^^^^^^^^^^^^^^^^^^^^^^^^^^^^^^^^^^^^^^^^^^^^^^^^
AssertionError: ValueError not raised

======================================================================
FAIL: test_active_strings_cannot_confirm_or_deny_skill_fragile (test_preexisting_fragile_input_types.PreexistingFragileInputTypes.test_active_strings_cannot_confirm_or_deny_skill_fragile) (mode='continuous', rank=1, value=' ')
----------------------------------------------------------------------
Traceback (most recent call last):
  File "/workspace/.continuation/p2-preexisting-fragile-input-064/test_preexisting_fragile_input_types.py", line 14, in test_active_strings_cannot_confirm_or_deny_skill_fragile
    with self.assertRaisesRegex(ValueError, 'preexisting_fragile不接受字符串'):
         ^^^^^^^^^^^^^^^^^^^^^^^^^^^^^^^^^^^^^^^^^^^^^^^^^^^^^^^^^^^^^^^^^^^^^
AssertionError: ValueError not raised

======================================================================
FAIL: test_active_strings_cannot_confirm_or_deny_skill_fragile (test_preexisting_fragile_input_types.PreexistingFragileInputTypes.test_active_strings_cannot_confirm_or_deny_skill_fragile) (mode='continuous', rank=1, value='unknown')
----------------------------------------------------------------------
Traceback (most recent call last):
  File "/workspace/.continuation/p2-preexisting-fragile-input-064/test_preexisting_fragile_input_types.py", line 14, in test_active_strings_cannot_confirm_or_deny_skill_fragile
    with self.assertRaisesRegex(ValueError, 'preexisting_fragile不接受字符串'):
         ^^^^^^^^^^^^^^^^^^^^^^^^^^^^^^^^^^^^^^^^^^^^^^^^^^^^^^^^^^^^^^^^^^^^^
AssertionError: ValueError not raised

======================================================================
FAIL: test_active_strings_cannot_confirm_or_deny_skill_fragile (test_preexisting_fragile_input_types.PreexistingFragileInputTypes.test_active_strings_cannot_confirm_or_deny_skill_fragile) (mode='continuous', rank=2, value='false')
----------------------------------------------------------------------
Traceback (most recent call last):
  File "/workspace/.continuation/p2-preexisting-fragile-input-064/test_preexisting_fragile_input_types.py", line 14, in test_active_strings_cannot_confirm_or_deny_skill_fragile
    with self.assertRaisesRegex(ValueError, 'preexisting_fragile不接受字符串'):
         ^^^^^^^^^^^^^^^^^^^^^^^^^^^^^^^^^^^^^^^^^^^^^^^^^^^^^^^^^^^^^^^^^^^^^
AssertionError: ValueError not raised

======================================================================
FAIL: test_active_strings_cannot_confirm_or_deny_skill_fragile (test_preexisting_fragile_input_types.PreexistingFragileInputTypes.test_active_strings_cannot_confirm_or_deny_skill_fragile) (mode='continuous', rank=2, value='False')
----------------------------------------------------------------------
Traceback (most recent call last):
  File "/workspace/.continuation/p2-preexisting-fragile-input-064/test_preexisting_fragile_input_types.py", line 14, in test_active_strings_cannot_confirm_or_deny_skill_fragile
    with self.assertRaisesRegex(ValueError, 'preexisting_fragile不接受字符串'):
         ^^^^^^^^^^^^^^^^^^^^^^^^^^^^^^^^^^^^^^^^^^^^^^^^^^^^^^^^^^^^^^^^^^^^^
AssertionError: ValueError not raised

======================================================================
FAIL: test_active_strings_cannot_confirm_or_deny_skill_fragile (test_preexisting_fragile_input_types.PreexistingFragileInputTypes.test_active_strings_cannot_confirm_or_deny_skill_fragile) (mode='continuous', rank=2, value='true')
----------------------------------------------------------------------
Traceback (most recent call last):
  File "/workspace/.continuation/p2-preexisting-fragile-input-064/test_preexisting_fragile_input_types.py", line 14, in test_active_strings_cannot_confirm_or_deny_skill_fragile
    with self.assertRaisesRegex(ValueError, 'preexisting_fragile不接受字符串'):
         ^^^^^^^^^^^^^^^^^^^^^^^^^^^^^^^^^^^^^^^^^^^^^^^^^^^^^^^^^^^^^^^^^^^^^
AssertionError: ValueError not raised

======================================================================
FAIL: test_active_strings_cannot_confirm_or_deny_skill_fragile (test_preexisting_fragile_input_types.PreexistingFragileInputTypes.test_active_strings_cannot_confirm_or_deny_skill_fragile) (mode='continuous', rank=2, value='0')
----------------------------------------------------------------------
Traceback (most recent call last):
  File "/workspace/.continuation/p2-preexisting-fragile-input-064/test_preexisting_fragile_input_types.py", line 14, in test_active_strings_cannot_confirm_or_deny_skill_fragile
    with self.assertRaisesRegex(ValueError, 'preexisting_fragile不接受字符串'):
         ^^^^^^^^^^^^^^^^^^^^^^^^^^^^^^^^^^^^^^^^^^^^^^^^^^^^^^^^^^^^^^^^^^^^^
AssertionError: ValueError not raised

======================================================================
FAIL: test_active_strings_cannot_confirm_or_deny_skill_fragile (test_preexisting_fragile_input_types.PreexistingFragileInputTypes.test_active_strings_cannot_confirm_or_deny_skill_fragile) (mode='continuous', rank=2, value='1')
----------------------------------------------------------------------
Traceback (most recent call last):
  File "/workspace/.continuation/p2-preexisting-fragile-input-064/test_preexisting_fragile_input_types.py", line 14, in test_active_strings_cannot_confirm_or_deny_skill_fragile
    with self.assertRaisesRegex(ValueError, 'preexisting_fragile不接受字符串'):
         ^^^^^^^^^^^^^^^^^^^^^^^^^^^^^^^^^^^^^^^^^^^^^^^^^^^^^^^^^^^^^^^^^^^^^
AssertionError: ValueError not raised

======================================================================
FAIL: test_active_strings_cannot_confirm_or_deny_skill_fragile (test_preexisting_fragile_input_types.PreexistingFragileInputTypes.test_active_strings_cannot_confirm_or_deny_skill_fragile) (mode='continuous', rank=2, value='')
----------------------------------------------------------------------
Traceback (most recent call last):
  File "/workspace/.continuation/p2-preexisting-fragile-input-064/test_preexisting_fragile_input_types.py", line 14, in test_active_strings_cannot_confirm_or_deny_skill_fragile
    with self.assertRaisesRegex(ValueError, 'preexisting_fragile不接受字符串'):
         ^^^^^^^^^^^^^^^^^^^^^^^^^^^^^^^^^^^^^^^^^^^^^^^^^^^^^^^^^^^^^^^^^^^^^
AssertionError: ValueError not raised

======================================================================
FAIL: test_active_strings_cannot_confirm_or_deny_skill_fragile (test_preexisting_fragile_input_types.PreexistingFragileInputTypes.test_active_strings_cannot_confirm_or_deny_skill_fragile) (mode='continuous', rank=2, value=' ')
----------------------------------------------------------------------
Traceback (most recent call last):
  File "/workspace/.continuation/p2-preexisting-fragile-input-064/test_preexisting_fragile_input_types.py", line 14, in test_active_strings_cannot_confirm_or_deny_skill_fragile
    with self.assertRaisesRegex(ValueError, 'preexisting_fragile不接受字符串'):
         ^^^^^^^^^^^^^^^^^^^^^^^^^^^^^^^^^^^^^^^^^^^^^^^^^^^^^^^^^^^^^^^^^^^^^
AssertionError: ValueError not raised

======================================================================
FAIL: test_active_strings_cannot_confirm_or_deny_skill_fragile (test_preexisting_fragile_input_types.PreexistingFragileInputTypes.test_active_strings_cannot_confirm_or_deny_skill_fragile) (mode='continuous', rank=2, value='unknown')
----------------------------------------------------------------------
Traceback (most recent call last):
  File "/workspace/.continuation/p2-preexisting-fragile-input-064/test_preexisting_fragile_input_types.py", line 14, in test_active_strings_cannot_confirm_or_deny_skill_fragile
    with self.assertRaisesRegex(ValueError, 'preexisting_fragile不接受字符串'):
         ^^^^^^^^^^^^^^^^^^^^^^^^^^^^^^^^^^^^^^^^^^^^^^^^^^^^^^^^^^^^^^^^^^^^^
AssertionError: ValueError not raised

======================================================================
FAIL: test_active_strings_cannot_confirm_or_deny_skill_fragile (test_preexisting_fragile_input_types.PreexistingFragileInputTypes.test_active_strings_cannot_confirm_or_deny_skill_fragile) (mode='continuous', rank=3, value='false')
----------------------------------------------------------------------
Traceback (most recent call last):
  File "/workspace/.continuation/p2-preexisting-fragile-input-064/test_preexisting_fragile_input_types.py", line 14, in test_active_strings_cannot_confirm_or_deny_skill_fragile
    with self.assertRaisesRegex(ValueError, 'preexisting_fragile不接受字符串'):
         ^^^^^^^^^^^^^^^^^^^^^^^^^^^^^^^^^^^^^^^^^^^^^^^^^^^^^^^^^^^^^^^^^^^^^
AssertionError: ValueError not raised

======================================================================
FAIL: test_active_strings_cannot_confirm_or_deny_skill_fragile (test_preexisting_fragile_input_types.PreexistingFragileInputTypes.test_active_strings_cannot_confirm_or_deny_skill_fragile) (mode='continuous', rank=3, value='False')
----------------------------------------------------------------------
Traceback (most recent call last):
  File "/workspace/.continuation/p2-preexisting-fragile-input-064/test_preexisting_fragile_input_types.py", line 14, in test_active_strings_cannot_confirm_or_deny_skill_fragile
    with self.assertRaisesRegex(ValueError, 'preexisting_fragile不接受字符串'):
         ^^^^^^^^^^^^^^^^^^^^^^^^^^^^^^^^^^^^^^^^^^^^^^^^^^^^^^^^^^^^^^^^^^^^^
AssertionError: ValueError not raised

======================================================================
FAIL: test_active_strings_cannot_confirm_or_deny_skill_fragile (test_preexisting_fragile_input_types.PreexistingFragileInputTypes.test_active_strings_cannot_confirm_or_deny_skill_fragile) (mode='continuous', rank=3, value='true')
----------------------------------------------------------------------
Traceback (most recent call last):
  File "/workspace/.continuation/p2-preexisting-fragile-input-064/test_preexisting_fragile_input_types.py", line 14, in test_active_strings_cannot_confirm_or_deny_skill_fragile
    with self.assertRaisesRegex(ValueError, 'preexisting_fragile不接受字符串'):
         ^^^^^^^^^^^^^^^^^^^^^^^^^^^^^^^^^^^^^^^^^^^^^^^^^^^^^^^^^^^^^^^^^^^^^
AssertionError: ValueError not raised

======================================================================
FAIL: test_active_strings_cannot_confirm_or_deny_skill_fragile (test_preexisting_fragile_input_types.PreexistingFragileInputTypes.test_active_strings_cannot_confirm_or_deny_skill_fragile) (mode='continuous', rank=3, value='0')
----------------------------------------------------------------------
Traceback (most recent call last):
  File "/workspace/.continuation/p2-preexisting-fragile-input-064/test_preexisting_fragile_input_types.py", line 14, in test_active_strings_cannot_confirm_or_deny_skill_fragile
    with self.assertRaisesRegex(ValueError, 'preexisting_fragile不接受字符串'):
         ^^^^^^^^^^^^^^^^^^^^^^^^^^^^^^^^^^^^^^^^^^^^^^^^^^^^^^^^^^^^^^^^^^^^^
AssertionError: ValueError not raised

======================================================================
FAIL: test_active_strings_cannot_confirm_or_deny_skill_fragile (test_preexisting_fragile_input_types.PreexistingFragileInputTypes.test_active_strings_cannot_confirm_or_deny_skill_fragile) (mode='continuous', rank=3, value='1')
----------------------------------------------------------------------
Traceback (most recent call last):
  File "/workspace/.continuation/p2-preexisting-fragile-input-064/test_preexisting_fragile_input_types.py", line 14, in test_active_strings_cannot_confirm_or_deny_skill_fragile
    with self.assertRaisesRegex(ValueError, 'preexisting_fragile不接受字符串'):
         ^^^^^^^^^^^^^^^^^^^^^^^^^^^^^^^^^^^^^^^^^^^^^^^^^^^^^^^^^^^^^^^^^^^^^
AssertionError: ValueError not raised

======================================================================
FAIL: test_active_strings_cannot_confirm_or_deny_skill_fragile (test_preexisting_fragile_input_types.PreexistingFragileInputTypes.test_active_strings_cannot_confirm_or_deny_skill_fragile) (mode='continuous', rank=3, value='')
----------------------------------------------------------------------
Traceback (most recent call last):
  File "/workspace/.continuation/p2-preexisting-fragile-input-064/test_preexisting_fragile_input_types.py", line 14, in test_active_strings_cannot_confirm_or_deny_skill_fragile
    with self.assertRaisesRegex(ValueError, 'preexisting_fragile不接受字符串'):
         ^^^^^^^^^^^^^^^^^^^^^^^^^^^^^^^^^^^^^^^^^^^^^^^^^^^^^^^^^^^^^^^^^^^^^
AssertionError: ValueError not raised

======================================================================
FAIL: test_active_strings_cannot_confirm_or_deny_skill_fragile (test_preexisting_fragile_input_types.PreexistingFragileInputTypes.test_active_strings_cannot_confirm_or_deny_skill_fragile) (mode='continuous', rank=3, value=' ')
----------------------------------------------------------------------
Traceback (most recent call last):
  File "/workspace/.continuation/p2-preexisting-fragile-input-064/test_preexisting_fragile_input_types.py", line 14, in test_active_strings_cannot_confirm_or_deny_skill_fragile
    with self.assertRaisesRegex(ValueError, 'preexisting_fragile不接受字符串'):
         ^^^^^^^^^^^^^^^^^^^^^^^^^^^^^^^^^^^^^^^^^^^^^^^^^^^^^^^^^^^^^^^^^^^^^
AssertionError: ValueError not raised

======================================================================
FAIL: test_active_strings_cannot_confirm_or_deny_skill_fragile (test_preexisting_fragile_input_types.PreexistingFragileInputTypes.test_active_strings_cannot_confirm_or_deny_skill_fragile) (mode='continuous', rank=3, value='unknown')
----------------------------------------------------------------------
Traceback (most recent call last):
  File "/workspace/.continuation/p2-preexisting-fragile-input-064/test_preexisting_fragile_input_types.py", line 14, in test_active_strings_cannot_confirm_or_deny_skill_fragile
    with self.assertRaisesRegex(ValueError, 'preexisting_fragile不接受字符串'):
         ^^^^^^^^^^^^^^^^^^^^^^^^^^^^^^^^^^^^^^^^^^^^^^^^^^^^^^^^^^^^^^^^^^^^^
AssertionError: ValueError not raised

======================================================================
FAIL: test_active_strings_cannot_confirm_or_deny_skill_fragile (test_preexisting_fragile_input_types.PreexistingFragileInputTypes.test_active_strings_cannot_confirm_or_deny_skill_fragile) (mode='continuous', rank=4, value='false')
----------------------------------------------------------------------
Traceback (most recent call last):
  File "/workspace/.continuation/p2-preexisting-fragile-input-064/test_preexisting_fragile_input_types.py", line 14, in test_active_strings_cannot_confirm_or_deny_skill_fragile
    with self.assertRaisesRegex(ValueError, 'preexisting_fragile不接受字符串'):
         ^^^^^^^^^^^^^^^^^^^^^^^^^^^^^^^^^^^^^^^^^^^^^^^^^^^^^^^^^^^^^^^^^^^^^
AssertionError: ValueError not raised

======================================================================
FAIL: test_active_strings_cannot_confirm_or_deny_skill_fragile (test_preexisting_fragile_input_types.PreexistingFragileInputTypes.test_active_strings_cannot_confirm_or_deny_skill_fragile) (mode='continuous', rank=4, value='False')
----------------------------------------------------------------------
Traceback (most recent call last):
  File "/workspace/.continuation/p2-preexisting-fragile-input-064/test_preexisting_fragile_input_types.py", line 14, in test_active_strings_cannot_confirm_or_deny_skill_fragile
    with self.assertRaisesRegex(ValueError, 'preexisting_fragile不接受字符串'):
         ^^^^^^^^^^^^^^^^^^^^^^^^^^^^^^^^^^^^^^^^^^^^^^^^^^^^^^^^^^^^^^^^^^^^^
AssertionError: ValueError not raised

======================================================================
FAIL: test_active_strings_cannot_confirm_or_deny_skill_fragile (test_preexisting_fragile_input_types.PreexistingFragileInputTypes.test_active_strings_cannot_confirm_or_deny_skill_fragile) (mode='continuous', rank=4, value='true')
----------------------------------------------------------------------
Traceback (most recent call last):
  File "/workspace/.continuation/p2-preexisting-fragile-input-064/test_preexisting_fragile_input_types.py", line 14, in test_active_strings_cannot_confirm_or_deny_skill_fragile
    with self.assertRaisesRegex(ValueError, 'preexisting_fragile不接受字符串'):
         ^^^^^^^^^^^^^^^^^^^^^^^^^^^^^^^^^^^^^^^^^^^^^^^^^^^^^^^^^^^^^^^^^^^^^
AssertionError: ValueError not raised

======================================================================
FAIL: test_active_strings_cannot_confirm_or_deny_skill_fragile (test_preexisting_fragile_input_types.PreexistingFragileInputTypes.test_active_strings_cannot_confirm_or_deny_skill_fragile) (mode='continuous', rank=4, value='0')
----------------------------------------------------------------------
Traceback (most recent call last):
  File "/workspace/.continuation/p2-preexisting-fragile-input-064/test_preexisting_fragile_input_types.py", line 14, in test_active_strings_cannot_confirm_or_deny_skill_fragile
    with self.assertRaisesRegex(ValueError, 'preexisting_fragile不接受字符串'):
         ^^^^^^^^^^^^^^^^^^^^^^^^^^^^^^^^^^^^^^^^^^^^^^^^^^^^^^^^^^^^^^^^^^^^^
AssertionError: ValueError not raised

======================================================================
FAIL: test_active_strings_cannot_confirm_or_deny_skill_fragile (test_preexisting_fragile_input_types.PreexistingFragileInputTypes.test_active_strings_cannot_confirm_or_deny_skill_fragile) (mode='continuous', rank=4, value='1')
----------------------------------------------------------------------
Traceback (most recent call last):
  File "/workspace/.continuation/p2-preexisting-fragile-input-064/test_preexisting_fragile_input_types.py", line 14, in test_active_strings_cannot_confirm_or_deny_skill_fragile
    with self.assertRaisesRegex(ValueError, 'preexisting_fragile不接受字符串'):
         ^^^^^^^^^^^^^^^^^^^^^^^^^^^^^^^^^^^^^^^^^^^^^^^^^^^^^^^^^^^^^^^^^^^^^
AssertionError: ValueError not raised

======================================================================
FAIL: test_active_strings_cannot_confirm_or_deny_skill_fragile (test_preexisting_fragile_input_types.PreexistingFragileInputTypes.test_active_strings_cannot_confirm_or_deny_skill_fragile) (mode='continuous', rank=4, value='')
----------------------------------------------------------------------
Traceback (most recent call last):
  File "/workspace/.continuation/p2-preexisting-fragile-input-064/test_preexisting_fragile_input_types.py", line 14, in test_active_strings_cannot_confirm_or_deny_skill_fragile
    with self.assertRaisesRegex(ValueError, 'preexisting_fragile不接受字符串'):
         ^^^^^^^^^^^^^^^^^^^^^^^^^^^^^^^^^^^^^^^^^^^^^^^^^^^^^^^^^^^^^^^^^^^^^
AssertionError: ValueError not raised

======================================================================
FAIL: test_active_strings_cannot_confirm_or_deny_skill_fragile (test_preexisting_fragile_input_types.PreexistingFragileInputTypes.test_active_strings_cannot_confirm_or_deny_skill_fragile) (mode='continuous', rank=4, value=' ')
----------------------------------------------------------------------
Traceback (most recent call last):
  File "/workspace/.continuation/p2-preexisting-fragile-input-064/test_preexisting_fragile_input_types.py", line 14, in test_active_strings_cannot_confirm_or_deny_skill_fragile
    with self.assertRaisesRegex(ValueError, 'preexisting_fragile不接受字符串'):
         ^^^^^^^^^^^^^^^^^^^^^^^^^^^^^^^^^^^^^^^^^^^^^^^^^^^^^^^^^^^^^^^^^^^^^
AssertionError: ValueError not raised

======================================================================
FAIL: test_active_strings_cannot_confirm_or_deny_skill_fragile (test_preexisting_fragile_input_types.PreexistingFragileInputTypes.test_active_strings_cannot_confirm_or_deny_skill_fragile) (mode='continuous', rank=4, value='unknown')
----------------------------------------------------------------------
Traceback (most recent call last):
  File "/workspace/.continuation/p2-preexisting-fragile-input-064/test_preexisting_fragile_input_types.py", line 14, in test_active_strings_cannot_confirm_or_deny_skill_fragile
    with self.assertRaisesRegex(ValueError, 'preexisting_fragile不接受字符串'):
         ^^^^^^^^^^^^^^^^^^^^^^^^^^^^^^^^^^^^^^^^^^^^^^^^^^^^^^^^^^^^^^^^^^^^^
AssertionError: ValueError not raised

======================================================================
FAIL: test_active_strings_cannot_confirm_or_deny_skill_fragile (test_preexisting_fragile_input_types.PreexistingFragileInputTypes.test_active_strings_cannot_confirm_or_deny_skill_fragile) (mode='continuous', rank=5, value='false')
----------------------------------------------------------------------
Traceback (most recent call last):
  File "/workspace/.continuation/p2-preexisting-fragile-input-064/test_preexisting_fragile_input_types.py", line 14, in test_active_strings_cannot_confirm_or_deny_skill_fragile
    with self.assertRaisesRegex(ValueError, 'preexisting_fragile不接受字符串'):
         ^^^^^^^^^^^^^^^^^^^^^^^^^^^^^^^^^^^^^^^^^^^^^^^^^^^^^^^^^^^^^^^^^^^^^
AssertionError: ValueError not raised

======================================================================
FAIL: test_active_strings_cannot_confirm_or_deny_skill_fragile (test_preexisting_fragile_input_types.PreexistingFragileInputTypes.test_active_strings_cannot_confirm_or_deny_skill_fragile) (mode='continuous', rank=5, value='False')
----------------------------------------------------------------------
Traceback (most recent call last):
  File "/workspace/.continuation/p2-preexisting-fragile-input-064/test_preexisting_fragile_input_types.py", line 14, in test_active_strings_cannot_confirm_or_deny_skill_fragile
    with self.assertRaisesRegex(ValueError, 'preexisting_fragile不接受字符串'):
         ^^^^^^^^^^^^^^^^^^^^^^^^^^^^^^^^^^^^^^^^^^^^^^^^^^^^^^^^^^^^^^^^^^^^^
AssertionError: ValueError not raised

======================================================================
FAIL: test_active_strings_cannot_confirm_or_deny_skill_fragile (test_preexisting_fragile_input_types.PreexistingFragileInputTypes.test_active_strings_cannot_confirm_or_deny_skill_fragile) (mode='continuous', rank=5, value='true')
----------------------------------------------------------------------
Traceback (most recent call last):
  File "/workspace/.continuation/p2-preexisting-fragile-input-064/test_preexisting_fragile_input_types.py", line 14, in test_active_strings_cannot_confirm_or_deny_skill_fragile
    with self.assertRaisesRegex(ValueError, 'preexisting_fragile不接受字符串'):
         ^^^^^^^^^^^^^^^^^^^^^^^^^^^^^^^^^^^^^^^^^^^^^^^^^^^^^^^^^^^^^^^^^^^^^
AssertionError: ValueError not raised

======================================================================
FAIL: test_active_strings_cannot_confirm_or_deny_skill_fragile (test_preexisting_fragile_input_types.PreexistingFragileInputTypes.test_active_strings_cannot_confirm_or_deny_skill_fragile) (mode='continuous', rank=5, value='0')
----------------------------------------------------------------------
Traceback (most recent call last):
  File "/workspace/.continuation/p2-preexisting-fragile-input-064/test_preexisting_fragile_input_types.py", line 14, in test_active_strings_cannot_confirm_or_deny_skill_fragile
    with self.assertRaisesRegex(ValueError, 'preexisting_fragile不接受字符串'):
         ^^^^^^^^^^^^^^^^^^^^^^^^^^^^^^^^^^^^^^^^^^^^^^^^^^^^^^^^^^^^^^^^^^^^^
AssertionError: ValueError not raised

======================================================================
FAIL: test_active_strings_cannot_confirm_or_deny_skill_fragile (test_preexisting_fragile_input_types.PreexistingFragileInputTypes.test_active_strings_cannot_confirm_or_deny_skill_fragile) (mode='continuous', rank=5, value='1')
----------------------------------------------------------------------
Traceback (most recent call last):
  File "/workspace/.continuation/p2-preexisting-fragile-input-064/test_preexisting_fragile_input_types.py", line 14, in test_active_strings_cannot_confirm_or_deny_skill_fragile
    with self.assertRaisesRegex(ValueError, 'preexisting_fragile不接受字符串'):
         ^^^^^^^^^^^^^^^^^^^^^^^^^^^^^^^^^^^^^^^^^^^^^^^^^^^^^^^^^^^^^^^^^^^^^
AssertionError: ValueError not raised

======================================================================
FAIL: test_active_strings_cannot_confirm_or_deny_skill_fragile (test_preexisting_fragile_input_types.PreexistingFragileInputTypes.test_active_strings_cannot_confirm_or_deny_skill_fragile) (mode='continuous', rank=5, value='')
----------------------------------------------------------------------
Traceback (most recent call last):
  File "/workspace/.continuation/p2-preexisting-fragile-input-064/test_preexisting_fragile_input_types.py", line 14, in test_active_strings_cannot_confirm_or_deny_skill_fragile
    with self.assertRaisesRegex(ValueError, 'preexisting_fragile不接受字符串'):
         ^^^^^^^^^^^^^^^^^^^^^^^^^^^^^^^^^^^^^^^^^^^^^^^^^^^^^^^^^^^^^^^^^^^^^
AssertionError: ValueError not raised

======================================================================
FAIL: test_active_strings_cannot_confirm_or_deny_skill_fragile (test_preexisting_fragile_input_types.PreexistingFragileInputTypes.test_active_strings_cannot_confirm_or_deny_skill_fragile) (mode='continuous', rank=5, value=' ')
----------------------------------------------------------------------
Traceback (most recent call last):
  File "/workspace/.continuation/p2-preexisting-fragile-input-064/test_preexisting_fragile_input_types.py", line 14, in test_active_strings_cannot_confirm_or_deny_skill_fragile
    with self.assertRaisesRegex(ValueError, 'preexisting_fragile不接受字符串'):
         ^^^^^^^^^^^^^^^^^^^^^^^^^^^^^^^^^^^^^^^^^^^^^^^^^^^^^^^^^^^^^^^^^^^^^
AssertionError: ValueError not raised

======================================================================
FAIL: test_active_strings_cannot_confirm_or_deny_skill_fragile (test_preexisting_fragile_input_types.PreexistingFragileInputTypes.test_active_strings_cannot_confirm_or_deny_skill_fragile) (mode='continuous', rank=5, value='unknown')
----------------------------------------------------------------------
Traceback (most recent call last):
  File "/workspace/.continuation/p2-preexisting-fragile-input-064/test_preexisting_fragile_input_types.py", line 14, in test_active_strings_cannot_confirm_or_deny_skill_fragile
    with self.assertRaisesRegex(ValueError, 'preexisting_fragile不接受字符串'):
         ^^^^^^^^^^^^^^^^^^^^^^^^^^^^^^^^^^^^^^^^^^^^^^^^^^^^^^^^^^^^^^^^^^^^^
AssertionError: ValueError not raised

======================================================================
FAIL: test_active_strings_cannot_confirm_or_deny_skill_fragile (test_preexisting_fragile_input_types.PreexistingFragileInputTypes.test_active_strings_cannot_confirm_or_deny_skill_fragile) (mode='continuous', rank=6, value='false')
----------------------------------------------------------------------
Traceback (most recent call last):
  File "/workspace/.continuation/p2-preexisting-fragile-input-064/test_preexisting_fragile_input_types.py", line 14, in test_active_strings_cannot_confirm_or_deny_skill_fragile
    with self.assertRaisesRegex(ValueError, 'preexisting_fragile不接受字符串'):
         ^^^^^^^^^^^^^^^^^^^^^^^^^^^^^^^^^^^^^^^^^^^^^^^^^^^^^^^^^^^^^^^^^^^^^
AssertionError: ValueError not raised

======================================================================
FAIL: test_active_strings_cannot_confirm_or_deny_skill_fragile (test_preexisting_fragile_input_types.PreexistingFragileInputTypes.test_active_strings_cannot_confirm_or_deny_skill_fragile) (mode='continuous', rank=6, value='False')
----------------------------------------------------------------------
Traceback (most recent call last):
  File "/workspace/.continuation/p2-preexisting-fragile-input-064/test_preexisting_fragile_input_types.py", line 14, in test_active_strings_cannot_confirm_or_deny_skill_fragile
    with self.assertRaisesRegex(ValueError, 'preexisting_fragile不接受字符串'):
         ^^^^^^^^^^^^^^^^^^^^^^^^^^^^^^^^^^^^^^^^^^^^^^^^^^^^^^^^^^^^^^^^^^^^^
AssertionError: ValueError not raised

======================================================================
FAIL: test_active_strings_cannot_confirm_or_deny_skill_fragile (test_preexisting_fragile_input_types.PreexistingFragileInputTypes.test_active_strings_cannot_confirm_or_deny_skill_fragile) (mode='continuous', rank=6, value='true')
----------------------------------------------------------------------
Traceback (most recent call last):
  File "/workspace/.continuation/p2-preexisting-fragile-input-064/test_preexisting_fragile_input_types.py", line 14, in test_active_strings_cannot_confirm_or_deny_skill_fragile
    with self.assertRaisesRegex(ValueError, 'preexisting_fragile不接受字符串'):
         ^^^^^^^^^^^^^^^^^^^^^^^^^^^^^^^^^^^^^^^^^^^^^^^^^^^^^^^^^^^^^^^^^^^^^
AssertionError: ValueError not raised

======================================================================
FAIL: test_active_strings_cannot_confirm_or_deny_skill_fragile (test_preexisting_fragile_input_types.PreexistingFragileInputTypes.test_active_strings_cannot_confirm_or_deny_skill_fragile) (mode='continuous', rank=6, value='0')
----------------------------------------------------------------------
Traceback (most recent call last):
  File "/workspace/.continuation/p2-preexisting-fragile-input-064/test_preexisting_fragile_input_types.py", line 14, in test_active_strings_cannot_confirm_or_deny_skill_fragile
    with self.assertRaisesRegex(ValueError, 'preexisting_fragile不接受字符串'):
         ^^^^^^^^^^^^^^^^^^^^^^^^^^^^^^^^^^^^^^^^^^^^^^^^^^^^^^^^^^^^^^^^^^^^^
AssertionError: ValueError not raised

======================================================================
FAIL: test_active_strings_cannot_confirm_or_deny_skill_fragile (test_preexisting_fragile_input_types.PreexistingFragileInputTypes.test_active_strings_cannot_confirm_or_deny_skill_fragile) (mode='continuous', rank=6, value='1')
----------------------------------------------------------------------
Traceback (most recent call last):
  File "/workspace/.continuation/p2-preexisting-fragile-input-064/test_preexisting_fragile_input_types.py", line 14, in test_active_strings_cannot_confirm_or_deny_skill_fragile
    with self.assertRaisesRegex(ValueError, 'preexisting_fragile不接受字符串'):
         ^^^^^^^^^^^^^^^^^^^^^^^^^^^^^^^^^^^^^^^^^^^^^^^^^^^^^^^^^^^^^^^^^^^^^
AssertionError: ValueError not raised

======================================================================
FAIL: test_active_strings_cannot_confirm_or_deny_skill_fragile (test_preexisting_fragile_input_types.PreexistingFragileInputTypes.test_active_strings_cannot_confirm_or_deny_skill_fragile) (mode='continuous', rank=6, value='')
----------------------------------------------------------------------
Traceback (most recent call last):
  File "/workspace/.continuation/p2-preexisting-fragile-input-064/test_preexisting_fragile_input_types.py", line 14, in test_active_strings_cannot_confirm_or_deny_skill_fragile
    with self.assertRaisesRegex(ValueError, 'preexisting_fragile不接受字符串'):
         ^^^^^^^^^^^^^^^^^^^^^^^^^^^^^^^^^^^^^^^^^^^^^^^^^^^^^^^^^^^^^^^^^^^^^
AssertionError: ValueError not raised

======================================================================
FAIL: test_active_strings_cannot_confirm_or_deny_skill_fragile (test_preexisting_fragile_input_types.PreexistingFragileInputTypes.test_active_strings_cannot_confirm_or_deny_skill_fragile) (mode='continuous', rank=6, value=' ')
----------------------------------------------------------------------
Traceback (most recent call last):
  File "/workspace/.continuation/p2-preexisting-fragile-input-064/test_preexisting_fragile_input_types.py", line 14, in test_active_strings_cannot_confirm_or_deny_skill_fragile
    with self.assertRaisesRegex(ValueError, 'preexisting_fragile不接受字符串'):
         ^^^^^^^^^^^^^^^^^^^^^^^^^^^^^^^^^^^^^^^^^^^^^^^^^^^^^^^^^^^^^^^^^^^^^
AssertionError: ValueError not raised

======================================================================
FAIL: test_active_strings_cannot_confirm_or_deny_skill_fragile (test_preexisting_fragile_input_types.PreexistingFragileInputTypes.test_active_strings_cannot_confirm_or_deny_skill_fragile) (mode='continuous', rank=6, value='unknown')
----------------------------------------------------------------------
Traceback (most recent call last):
  File "/workspace/.continuation/p2-preexisting-fragile-input-064/test_preexisting_fragile_input_types.py", line 14, in test_active_strings_cannot_confirm_or_deny_skill_fragile
    with self.assertRaisesRegex(ValueError, 'preexisting_fragile不接受字符串'):
         ^^^^^^^^^^^^^^^^^^^^^^^^^^^^^^^^^^^^^^^^^^^^^^^^^^^^^^^^^^^^^^^^^^^^^
AssertionError: ValueError not raised

======================================================================
FAIL: test_active_strings_cannot_confirm_or_deny_skill_fragile (test_preexisting_fragile_input_types.PreexistingFragileInputTypes.test_active_strings_cannot_confirm_or_deny_skill_fragile) (mode='continuous', rank=7, value='false')
----------------------------------------------------------------------
Traceback (most recent call last):
  File "/workspace/.continuation/p2-preexisting-fragile-input-064/test_preexisting_fragile_input_types.py", line 14, in test_active_strings_cannot_confirm_or_deny_skill_fragile
    with self.assertRaisesRegex(ValueError, 'preexisting_fragile不接受字符串'):
         ^^^^^^^^^^^^^^^^^^^^^^^^^^^^^^^^^^^^^^^^^^^^^^^^^^^^^^^^^^^^^^^^^^^^^
AssertionError: ValueError not raised

======================================================================
FAIL: test_active_strings_cannot_confirm_or_deny_skill_fragile (test_preexisting_fragile_input_types.PreexistingFragileInputTypes.test_active_strings_cannot_confirm_or_deny_skill_fragile) (mode='continuous', rank=7, value='False')
----------------------------------------------------------------------
Traceback (most recent call last):
  File "/workspace/.continuation/p2-preexisting-fragile-input-064/test_preexisting_fragile_input_types.py", line 14, in test_active_strings_cannot_confirm_or_deny_skill_fragile
    with self.assertRaisesRegex(ValueError, 'preexisting_fragile不接受字符串'):
         ^^^^^^^^^^^^^^^^^^^^^^^^^^^^^^^^^^^^^^^^^^^^^^^^^^^^^^^^^^^^^^^^^^^^^
AssertionError: ValueError not raised

======================================================================
FAIL: test_active_strings_cannot_confirm_or_deny_skill_fragile (test_preexisting_fragile_input_types.PreexistingFragileInputTypes.test_active_strings_cannot_confirm_or_deny_skill_fragile) (mode='continuous', rank=7, value='true')
----------------------------------------------------------------------
Traceback (most recent call last):
  File "/workspace/.continuation/p2-preexisting-fragile-input-064/test_preexisting_fragile_input_types.py", line 14, in test_active_strings_cannot_confirm_or_deny_skill_fragile
    with self.assertRaisesRegex(ValueError, 'preexisting_fragile不接受字符串'):
         ^^^^^^^^^^^^^^^^^^^^^^^^^^^^^^^^^^^^^^^^^^^^^^^^^^^^^^^^^^^^^^^^^^^^^
AssertionError: ValueError not raised

======================================================================
FAIL: test_active_strings_cannot_confirm_or_deny_skill_fragile (test_preexisting_fragile_input_types.PreexistingFragileInputTypes.test_active_strings_cannot_confirm_or_deny_skill_fragile) (mode='continuous', rank=7, value='0')
----------------------------------------------------------------------
Traceback (most recent call last):
  File "/workspace/.continuation/p2-preexisting-fragile-input-064/test_preexisting_fragile_input_types.py", line 14, in test_active_strings_cannot_confirm_or_deny_skill_fragile
    with self.assertRaisesRegex(ValueError, 'preexisting_fragile不接受字符串'):
         ^^^^^^^^^^^^^^^^^^^^^^^^^^^^^^^^^^^^^^^^^^^^^^^^^^^^^^^^^^^^^^^^^^^^^
AssertionError: ValueError not raised

======================================================================
FAIL: test_active_strings_cannot_confirm_or_deny_skill_fragile (test_preexisting_fragile_input_types.PreexistingFragileInputTypes.test_active_strings_cannot_confirm_or_deny_skill_fragile) (mode='continuous', rank=7, value='1')
----------------------------------------------------------------------
Traceback (most recent call last):
  File "/workspace/.continuation/p2-preexisting-fragile-input-064/test_preexisting_fragile_input_types.py", line 14, in test_active_strings_cannot_confirm_or_deny_skill_fragile
    with self.assertRaisesRegex(ValueError, 'preexisting_fragile不接受字符串'):
         ^^^^^^^^^^^^^^^^^^^^^^^^^^^^^^^^^^^^^^^^^^^^^^^^^^^^^^^^^^^^^^^^^^^^^
AssertionError: ValueError not raised

======================================================================
FAIL: test_active_strings_cannot_confirm_or_deny_skill_fragile (test_preexisting_fragile_input_types.PreexistingFragileInputTypes.test_active_strings_cannot_confirm_or_deny_skill_fragile) (mode='continuous', rank=7, value='')
----------------------------------------------------------------------
Traceback (most recent call last):
  File "/workspace/.continuation/p2-preexisting-fragile-input-064/test_preexisting_fragile_input_types.py", line 14, in test_active_strings_cannot_confirm_or_deny_skill_fragile
    with self.assertRaisesRegex(ValueError, 'preexisting_fragile不接受字符串'):
         ^^^^^^^^^^^^^^^^^^^^^^^^^^^^^^^^^^^^^^^^^^^^^^^^^^^^^^^^^^^^^^^^^^^^^
AssertionError: ValueError not raised

======================================================================
FAIL: test_active_strings_cannot_confirm_or_deny_skill_fragile (test_preexisting_fragile_input_types.PreexistingFragileInputTypes.test_active_strings_cannot_confirm_or_deny_skill_fragile) (mode='continuous', rank=7, value=' ')
----------------------------------------------------------------------
Traceback (most recent call last):
  File "/workspace/.continuation/p2-preexisting-fragile-input-064/test_preexisting_fragile_input_types.py", line 14, in test_active_strings_cannot_confirm_or_deny_skill_fragile
    with self.assertRaisesRegex(ValueError, 'preexisting_fragile不接受字符串'):
         ^^^^^^^^^^^^^^^^^^^^^^^^^^^^^^^^^^^^^^^^^^^^^^^^^^^^^^^^^^^^^^^^^^^^^
AssertionError: ValueError not raised

======================================================================
FAIL: test_active_strings_cannot_confirm_or_deny_skill_fragile (test_preexisting_fragile_input_types.PreexistingFragileInputTypes.test_active_strings_cannot_confirm_or_deny_skill_fragile) (mode='continuous', rank=7, value='unknown')
----------------------------------------------------------------------
Traceback (most recent call last):
  File "/workspace/.continuation/p2-preexisting-fragile-input-064/test_preexisting_fragile_input_types.py", line 14, in test_active_strings_cannot_confirm_or_deny_skill_fragile
    with self.assertRaisesRegex(ValueError, 'preexisting_fragile不接受字符串'):
         ^^^^^^^^^^^^^^^^^^^^^^^^^^^^^^^^^^^^^^^^^^^^^^^^^^^^^^^^^^^^^^^^^^^^^
AssertionError: ValueError not raised

======================================================================
FAIL: test_active_strings_cannot_confirm_or_deny_skill_fragile (test_preexisting_fragile_input_types.PreexistingFragileInputTypes.test_active_strings_cannot_confirm_or_deny_skill_fragile) (mode='continuous', rank=8, value='false')
----------------------------------------------------------------------
Traceback (most recent call last):
  File "/workspace/.continuation/p2-preexisting-fragile-input-064/test_preexisting_fragile_input_types.py", line 14, in test_active_strings_cannot_confirm_or_deny_skill_fragile
    with self.assertRaisesRegex(ValueError, 'preexisting_fragile不接受字符串'):
         ^^^^^^^^^^^^^^^^^^^^^^^^^^^^^^^^^^^^^^^^^^^^^^^^^^^^^^^^^^^^^^^^^^^^^
AssertionError: ValueError not raised

======================================================================
FAIL: test_active_strings_cannot_confirm_or_deny_skill_fragile (test_preexisting_fragile_input_types.PreexistingFragileInputTypes.test_active_strings_cannot_confirm_or_deny_skill_fragile) (mode='continuous', rank=8, value='False')
----------------------------------------------------------------------
Traceback (most recent call last):
  File "/workspace/.continuation/p2-preexisting-fragile-input-064/test_preexisting_fragile_input_types.py", line 14, in test_active_strings_cannot_confirm_or_deny_skill_fragile
    with self.assertRaisesRegex(ValueError, 'preexisting_fragile不接受字符串'):
         ^^^^^^^^^^^^^^^^^^^^^^^^^^^^^^^^^^^^^^^^^^^^^^^^^^^^^^^^^^^^^^^^^^^^^
AssertionError: ValueError not raised

======================================================================
FAIL: test_active_strings_cannot_confirm_or_deny_skill_fragile (test_preexisting_fragile_input_types.PreexistingFragileInputTypes.test_active_strings_cannot_confirm_or_deny_skill_fragile) (mode='continuous', rank=8, value='true')
----------------------------------------------------------------------
Traceback (most recent call last):
  File "/workspace/.continuation/p2-preexisting-fragile-input-064/test_preexisting_fragile_input_types.py", line 14, in test_active_strings_cannot_confirm_or_deny_skill_fragile
    with self.assertRaisesRegex(ValueError, 'preexisting_fragile不接受字符串'):
         ^^^^^^^^^^^^^^^^^^^^^^^^^^^^^^^^^^^^^^^^^^^^^^^^^^^^^^^^^^^^^^^^^^^^^
AssertionError: ValueError not raised

======================================================================
FAIL: test_active_strings_cannot_confirm_or_deny_skill_fragile (test_preexisting_fragile_input_types.PreexistingFragileInputTypes.test_active_strings_cannot_confirm_or_deny_skill_fragile) (mode='continuous', rank=8, value='0')
----------------------------------------------------------------------
Traceback (most recent call last):
  File "/workspace/.continuation/p2-preexisting-fragile-input-064/test_preexisting_fragile_input_types.py", line 14, in test_active_strings_cannot_confirm_or_deny_skill_fragile
    with self.assertRaisesRegex(ValueError, 'preexisting_fragile不接受字符串'):
         ^^^^^^^^^^^^^^^^^^^^^^^^^^^^^^^^^^^^^^^^^^^^^^^^^^^^^^^^^^^^^^^^^^^^^
AssertionError: ValueError not raised

======================================================================
FAIL: test_active_strings_cannot_confirm_or_deny_skill_fragile (test_preexisting_fragile_input_types.PreexistingFragileInputTypes.test_active_strings_cannot_confirm_or_deny_skill_fragile) (mode='continuous', rank=8, value='1')
----------------------------------------------------------------------
Traceback (most recent call last):
  File "/workspace/.continuation/p2-preexisting-fragile-input-064/test_preexisting_fragile_input_types.py", line 14, in test_active_strings_cannot_confirm_or_deny_skill_fragile
    with self.assertRaisesRegex(ValueError, 'preexisting_fragile不接受字符串'):
         ^^^^^^^^^^^^^^^^^^^^^^^^^^^^^^^^^^^^^^^^^^^^^^^^^^^^^^^^^^^^^^^^^^^^^
AssertionError: ValueError not raised

======================================================================
FAIL: test_active_strings_cannot_confirm_or_deny_skill_fragile (test_preexisting_fragile_input_types.PreexistingFragileInputTypes.test_active_strings_cannot_confirm_or_deny_skill_fragile) (mode='continuous', rank=8, value='')
----------------------------------------------------------------------
Traceback (most recent call last):
  File "/workspace/.continuation/p2-preexisting-fragile-input-064/test_preexisting_fragile_input_types.py", line 14, in test_active_strings_cannot_confirm_or_deny_skill_fragile
    with self.assertRaisesRegex(ValueError, 'preexisting_fragile不接受字符串'):
         ^^^^^^^^^^^^^^^^^^^^^^^^^^^^^^^^^^^^^^^^^^^^^^^^^^^^^^^^^^^^^^^^^^^^^
AssertionError: ValueError not raised

======================================================================
FAIL: test_active_strings_cannot_confirm_or_deny_skill_fragile (test_preexisting_fragile_input_types.PreexistingFragileInputTypes.test_active_strings_cannot_confirm_or_deny_skill_fragile) (mode='continuous', rank=8, value=' ')
----------------------------------------------------------------------
Traceback (most recent call last):
  File "/workspace/.continuation/p2-preexisting-fragile-input-064/test_preexisting_fragile_input_types.py", line 14, in test_active_strings_cannot_confirm_or_deny_skill_fragile
    with self.assertRaisesRegex(ValueError, 'preexisting_fragile不接受字符串'):
         ^^^^^^^^^^^^^^^^^^^^^^^^^^^^^^^^^^^^^^^^^^^^^^^^^^^^^^^^^^^^^^^^^^^^^
AssertionError: ValueError not raised

======================================================================
FAIL: test_active_strings_cannot_confirm_or_deny_skill_fragile (test_preexisting_fragile_input_types.PreexistingFragileInputTypes.test_active_strings_cannot_confirm_or_deny_skill_fragile) (mode='continuous', rank=8, value='unknown')
----------------------------------------------------------------------
Traceback (most recent call last):
  File "/workspace/.continuation/p2-preexisting-fragile-input-064/test_preexisting_fragile_input_types.py", line 14, in test_active_strings_cannot_confirm_or_deny_skill_fragile
    with self.assertRaisesRegex(ValueError, 'preexisting_fragile不接受字符串'):
         ^^^^^^^^^^^^^^^^^^^^^^^^^^^^^^^^^^^^^^^^^^^^^^^^^^^^^^^^^^^^^^^^^^^^^
AssertionError: ValueError not raised

======================================================================
FAIL: test_active_strings_cannot_confirm_or_deny_skill_fragile (test_preexisting_fragile_input_types.PreexistingFragileInputTypes.test_active_strings_cannot_confirm_or_deny_skill_fragile) (mode='continuous', rank=9, value='false')
----------------------------------------------------------------------
Traceback (most recent call last):
  File "/workspace/.continuation/p2-preexisting-fragile-input-064/test_preexisting_fragile_input_types.py", line 14, in test_active_strings_cannot_confirm_or_deny_skill_fragile
    with self.assertRaisesRegex(ValueError, 'preexisting_fragile不接受字符串'):
         ^^^^^^^^^^^^^^^^^^^^^^^^^^^^^^^^^^^^^^^^^^^^^^^^^^^^^^^^^^^^^^^^^^^^^
AssertionError: ValueError not raised

======================================================================
FAIL: test_active_strings_cannot_confirm_or_deny_skill_fragile (test_preexisting_fragile_input_types.PreexistingFragileInputTypes.test_active_strings_cannot_confirm_or_deny_skill_fragile) (mode='continuous', rank=9, value='False')
----------------------------------------------------------------------
Traceback (most recent call last):
  File "/workspace/.continuation/p2-preexisting-fragile-input-064/test_preexisting_fragile_input_types.py", line 14, in test_active_strings_cannot_confirm_or_deny_skill_fragile
    with self.assertRaisesRegex(ValueError, 'preexisting_fragile不接受字符串'):
         ^^^^^^^^^^^^^^^^^^^^^^^^^^^^^^^^^^^^^^^^^^^^^^^^^^^^^^^^^^^^^^^^^^^^^
AssertionError: ValueError not raised

======================================================================
FAIL: test_active_strings_cannot_confirm_or_deny_skill_fragile (test_preexisting_fragile_input_types.PreexistingFragileInputTypes.test_active_strings_cannot_confirm_or_deny_skill_fragile) (mode='continuous', rank=9, value='true')
----------------------------------------------------------------------
Traceback (most recent call last):
  File "/workspace/.continuation/p2-preexisting-fragile-input-064/test_preexisting_fragile_input_types.py", line 14, in test_active_strings_cannot_confirm_or_deny_skill_fragile
    with self.assertRaisesRegex(ValueError, 'preexisting_fragile不接受字符串'):
         ^^^^^^^^^^^^^^^^^^^^^^^^^^^^^^^^^^^^^^^^^^^^^^^^^^^^^^^^^^^^^^^^^^^^^
AssertionError: ValueError not raised

======================================================================
FAIL: test_active_strings_cannot_confirm_or_deny_skill_fragile (test_preexisting_fragile_input_types.PreexistingFragileInputTypes.test_active_strings_cannot_confirm_or_deny_skill_fragile) (mode='continuous', rank=9, value='0')
----------------------------------------------------------------------
Traceback (most recent call last):
  File "/workspace/.continuation/p2-preexisting-fragile-input-064/test_preexisting_fragile_input_types.py", line 14, in test_active_strings_cannot_confirm_or_deny_skill_fragile
    with self.assertRaisesRegex(ValueError, 'preexisting_fragile不接受字符串'):
         ^^^^^^^^^^^^^^^^^^^^^^^^^^^^^^^^^^^^^^^^^^^^^^^^^^^^^^^^^^^^^^^^^^^^^
AssertionError: ValueError not raised

======================================================================
FAIL: test_active_strings_cannot_confirm_or_deny_skill_fragile (test_preexisting_fragile_input_types.PreexistingFragileInputTypes.test_active_strings_cannot_confirm_or_deny_skill_fragile) (mode='continuous', rank=9, value='1')
----------------------------------------------------------------------
Traceback (most recent call last):
  File "/workspace/.continuation/p2-preexisting-fragile-input-064/test_preexisting_fragile_input_types.py", line 14, in test_active_strings_cannot_confirm_or_deny_skill_fragile
    with self.assertRaisesRegex(ValueError, 'preexisting_fragile不接受字符串'):
         ^^^^^^^^^^^^^^^^^^^^^^^^^^^^^^^^^^^^^^^^^^^^^^^^^^^^^^^^^^^^^^^^^^^^^
AssertionError: ValueError not raised

======================================================================
FAIL: test_active_strings_cannot_confirm_or_deny_skill_fragile (test_preexisting_fragile_input_types.PreexistingFragileInputTypes.test_active_strings_cannot_confirm_or_deny_skill_fragile) (mode='continuous', rank=9, value='')
----------------------------------------------------------------------
Traceback (most recent call last):
  File "/workspace/.continuation/p2-preexisting-fragile-input-064/test_preexisting_fragile_input_types.py", line 14, in test_active_strings_cannot_confirm_or_deny_skill_fragile
    with self.assertRaisesRegex(ValueError, 'preexisting_fragile不接受字符串'):
         ^^^^^^^^^^^^^^^^^^^^^^^^^^^^^^^^^^^^^^^^^^^^^^^^^^^^^^^^^^^^^^^^^^^^^
AssertionError: ValueError not raised

======================================================================
FAIL: test_active_strings_cannot_confirm_or_deny_skill_fragile (test_preexisting_fragile_input_types.PreexistingFragileInputTypes.test_active_strings_cannot_confirm_or_deny_skill_fragile) (mode='continuous', rank=9, value=' ')
----------------------------------------------------------------------
Traceback (most recent call last):
  File "/workspace/.continuation/p2-preexisting-fragile-input-064/test_preexisting_fragile_input_types.py", line 14, in test_active_strings_cannot_confirm_or_deny_skill_fragile
    with self.assertRaisesRegex(ValueError, 'preexisting_fragile不接受字符串'):
         ^^^^^^^^^^^^^^^^^^^^^^^^^^^^^^^^^^^^^^^^^^^^^^^^^^^^^^^^^^^^^^^^^^^^^
AssertionError: ValueError not raised

======================================================================
FAIL: test_active_strings_cannot_confirm_or_deny_skill_fragile (test_preexisting_fragile_input_types.PreexistingFragileInputTypes.test_active_strings_cannot_confirm_or_deny_skill_fragile) (mode='continuous', rank=9, value='unknown')
----------------------------------------------------------------------
Traceback (most recent call last):
  File "/workspace/.continuation/p2-preexisting-fragile-input-064/test_preexisting_fragile_input_types.py", line 14, in test_active_strings_cannot_confirm_or_deny_skill_fragile
    with self.assertRaisesRegex(ValueError, 'preexisting_fragile不接受字符串'):
         ^^^^^^^^^^^^^^^^^^^^^^^^^^^^^^^^^^^^^^^^^^^^^^^^^^^^^^^^^^^^^^^^^^^^^
AssertionError: ValueError not raised

======================================================================
FAIL: test_active_strings_cannot_confirm_or_deny_skill_fragile (test_preexisting_fragile_input_types.PreexistingFragileInputTypes.test_active_strings_cannot_confirm_or_deny_skill_fragile) (mode='continuous', rank=10, value='false')
----------------------------------------------------------------------
Traceback (most recent call last):
  File "/workspace/.continuation/p2-preexisting-fragile-input-064/test_preexisting_fragile_input_types.py", line 14, in test_active_strings_cannot_confirm_or_deny_skill_fragile
    with self.assertRaisesRegex(ValueError, 'preexisting_fragile不接受字符串'):
         ^^^^^^^^^^^^^^^^^^^^^^^^^^^^^^^^^^^^^^^^^^^^^^^^^^^^^^^^^^^^^^^^^^^^^
AssertionError: ValueError not raised

======================================================================
FAIL: test_active_strings_cannot_confirm_or_deny_skill_fragile (test_preexisting_fragile_input_types.PreexistingFragileInputTypes.test_active_strings_cannot_confirm_or_deny_skill_fragile) (mode='continuous', rank=10, value='False')
----------------------------------------------------------------------
Traceback (most recent call last):
  File "/workspace/.continuation/p2-preexisting-fragile-input-064/test_preexisting_fragile_input_types.py", line 14, in test_active_strings_cannot_confirm_or_deny_skill_fragile
    with self.assertRaisesRegex(ValueError, 'preexisting_fragile不接受字符串'):
         ^^^^^^^^^^^^^^^^^^^^^^^^^^^^^^^^^^^^^^^^^^^^^^^^^^^^^^^^^^^^^^^^^^^^^
AssertionError: ValueError not raised

======================================================================
FAIL: test_active_strings_cannot_confirm_or_deny_skill_fragile (test_preexisting_fragile_input_types.PreexistingFragileInputTypes.test_active_strings_cannot_confirm_or_deny_skill_fragile) (mode='continuous', rank=10, value='true')
----------------------------------------------------------------------
Traceback (most recent call last):
  File "/workspace/.continuation/p2-preexisting-fragile-input-064/test_preexisting_fragile_input_types.py", line 14, in test_active_strings_cannot_confirm_or_deny_skill_fragile
    with self.assertRaisesRegex(ValueError, 'preexisting_fragile不接受字符串'):
         ^^^^^^^^^^^^^^^^^^^^^^^^^^^^^^^^^^^^^^^^^^^^^^^^^^^^^^^^^^^^^^^^^^^^^
AssertionError: ValueError not raised

======================================================================
FAIL: test_active_strings_cannot_confirm_or_deny_skill_fragile (test_preexisting_fragile_input_types.PreexistingFragileInputTypes.test_active_strings_cannot_confirm_or_deny_skill_fragile) (mode='continuous', rank=10, value='0')
----------------------------------------------------------------------
Traceback (most recent call last):
  File "/workspace/.continuation/p2-preexisting-fragile-input-064/test_preexisting_fragile_input_types.py", line 14, in test_active_strings_cannot_confirm_or_deny_skill_fragile
    with self.assertRaisesRegex(ValueError, 'preexisting_fragile不接受字符串'):
         ^^^^^^^^^^^^^^^^^^^^^^^^^^^^^^^^^^^^^^^^^^^^^^^^^^^^^^^^^^^^^^^^^^^^^
AssertionError: ValueError not raised

======================================================================
FAIL: test_active_strings_cannot_confirm_or_deny_skill_fragile (test_preexisting_fragile_input_types.PreexistingFragileInputTypes.test_active_strings_cannot_confirm_or_deny_skill_fragile) (mode='continuous', rank=10, value='1')
----------------------------------------------------------------------
Traceback (most recent call last):
  File "/workspace/.continuation/p2-preexisting-fragile-input-064/test_preexisting_fragile_input_types.py", line 14, in test_active_strings_cannot_confirm_or_deny_skill_fragile
    with self.assertRaisesRegex(ValueError, 'preexisting_fragile不接受字符串'):
         ^^^^^^^^^^^^^^^^^^^^^^^^^^^^^^^^^^^^^^^^^^^^^^^^^^^^^^^^^^^^^^^^^^^^^
AssertionError: ValueError not raised

======================================================================
FAIL: test_active_strings_cannot_confirm_or_deny_skill_fragile (test_preexisting_fragile_input_types.PreexistingFragileInputTypes.test_active_strings_cannot_confirm_or_deny_skill_fragile) (mode='continuous', rank=10, value='')
----------------------------------------------------------------------
Traceback (most recent call last):
  File "/workspace/.continuation/p2-preexisting-fragile-input-064/test_preexisting_fragile_input_types.py", line 14, in test_active_strings_cannot_confirm_or_deny_skill_fragile
    with self.assertRaisesRegex(ValueError, 'preexisting_fragile不接受字符串'):
         ^^^^^^^^^^^^^^^^^^^^^^^^^^^^^^^^^^^^^^^^^^^^^^^^^^^^^^^^^^^^^^^^^^^^^
AssertionError: ValueError not raised

======================================================================
FAIL: test_active_strings_cannot_confirm_or_deny_skill_fragile (test_preexisting_fragile_input_types.PreexistingFragileInputTypes.test_active_strings_cannot_confirm_or_deny_skill_fragile) (mode='continuous', rank=10, value=' ')
----------------------------------------------------------------------
Traceback (most recent call last):
  File "/workspace/.continuation/p2-preexisting-fragile-input-064/test_preexisting_fragile_input_types.py", line 14, in test_active_strings_cannot_confirm_or_deny_skill_fragile
    with self.assertRaisesRegex(ValueError, 'preexisting_fragile不接受字符串'):
         ^^^^^^^^^^^^^^^^^^^^^^^^^^^^^^^^^^^^^^^^^^^^^^^^^^^^^^^^^^^^^^^^^^^^^
AssertionError: ValueError not raised

======================================================================
FAIL: test_active_strings_cannot_confirm_or_deny_skill_fragile (test_preexisting_fragile_input_types.PreexistingFragileInputTypes.test_active_strings_cannot_confirm_or_deny_skill_fragile) (mode='continuous', rank=10, value='unknown')
----------------------------------------------------------------------
Traceback (most recent call last):
  File "/workspace/.continuation/p2-preexisting-fragile-input-064/test_preexisting_fragile_input_types.py", line 14, in test_active_strings_cannot_confirm_or_deny_skill_fragile
    with self.assertRaisesRegex(ValueError, 'preexisting_fragile不接受字符串'):
         ^^^^^^^^^^^^^^^^^^^^^^^^^^^^^^^^^^^^^^^^^^^^^^^^^^^^^^^^^^^^^^^^^^^^^
AssertionError: ValueError not raised

----------------------------------------------------------------------
Ran 1 test in 0.173s

FAILED (failures=160)
